epoch,time,train/box_loss,train/pose_loss,train/kobj_loss,train/cls_loss,train/dfl_loss,metrics/precision(B),metrics/recall(B),metrics/mAP50(B),metrics/mAP50-95(B),metrics/precision(P),metrics/recall(P),metrics/mAP50(P),metrics/mAP50-95(P),val/box_loss,val/pose_loss,val/kobj_loss,val/cls_loss,val/dfl_loss,lr/pg0,lr/pg1,lr/pg2
1,8.75765,6.69486,8.79007,0.78291,31.6748,4.20713,0,0,0,0,0.00014,0.04348,0.00016,3e-05,6.94207,7.80712,0.69918,19.7044,4.16087,6e-05,6e-05,6e-05
2,10.2281,6.65586,8.70744,0.77406,23.7068,4.18075,0,0,0,0,0,0,0,0,6.94255,7.81012,0.69895,19.7224,4.16307,0.000139861,0.000139861,0.000139861
3,11.7293,6.6657,8.73399,0.82195,29.6744,4.19063,0,0,0,0,0.00014,0.04348,0.00016,3e-05,6.94255,7.81634,0.69862,19.7224,4.16333,0.000219564,0.000219564,0.000219564
4,13.3531,6.59176,8.53968,0.75296,25.9805,4.11575,0,0,0,0,0.00014,0.04348,0.00016,3e-05,6.94099,7.81646,0.69829,19.6189,4.16207,0.000299109,0.000299109,0.000299109
5,14.9581,6.48095,8.68312,0.78008,21.7399,4.00092,0,0,0,0,0.00014,0.04348,0.00016,3e-05,6.94099,7.8083,0.69788,19.6189,4.15792,0.000378495,0.000378495,0.000378495
6,16.5978,6.31061,8.22624,0.71429,17.6503,3.71753,0,0,0,0,0.00014,0.04348,0.00015,3e-05,6.93738,7.8056,0.6969,19.3417,4.14884,0.000457723,0.000457723,0.000457723
7,18.3697,5.45334,7.91532,0.71717,13.7429,3.15873,0,0,0,0,0.00014,0.04348,0.00016,3e-05,6.93735,7.79835,0.69497,19.3621,4.15156,0.000536792,0.000536792,0.000536792
8,20.0305,4.30885,7.87493,0.70327,9.79622,2.5826,0,0,0,0,0.00014,0.04348,0.00016,3e-05,6.93937,7.78318,0.6932,19.5366,4.16022,0.000615703,0.000615703,0.000615703
9,21.8489,3.52795,7.56248,0.70882,7.15713,2.26784,0,0,0,0,0,0,0,0,6.94369,7.76674,0.69136,19.9015,4.17495,0.000694456,0.000694456,0.000694456
10,23.7282,3.40299,7.46016,0.69813,6.09855,2.15592,0,0,0,0,0,0,0,0,6.9492,7.76685,0.69052,20.454,4.20795,0.00077305,0.00077305,0.00077305
11,25.3012,3.15329,7.26624,0.69288,5.31641,2.12076,0,0,0,0,0,0,0,0,6.95697,7.77362,0.68979,21.2553,4.24664,0.000851486,0.000851486,0.000851486
12,26.8843,2.91961,7.24847,0.68291,4.7227,1.91324,0,0,0,0,0.00014,0.04348,8e-05,1e-05,6.96564,7.77452,0.68934,22.1931,4.28881,0.000929763,0.000929763,0.000929763
13,28.4987,2.8674,7.25256,0.67406,4.64829,1.7742,0,0,0,0,0,0,0,0,6.97264,7.78148,0.68988,23.0697,4.32916,0.00100788,0.00100788,0.00100788
14,30.2471,2.60248,7.01925,0.6676,3.89524,1.82853,0,0,0,0,0,0,0,0,6.97111,7.78184,0.68751,22.9994,4.31529,0.00108584,0.00108584,0.00108584
15,31.7881,2.47156,7.00954,0.65988,3.58369,1.58991,0,0,0,0,0,0,0,0,6.97008,7.74999,0.68633,22.9904,4.3107,0.00116365,0.00116365,0.00116365
16,33.3978,2.3025,6.87577,0.64743,3.59686,1.5725,0,0,0,0,0,0,0,0,6.96209,7.7302,0.68316,22.3078,4.26955,0.00124129,0.00124129,0.00124129
17,35.0857,2.30085,6.9018,0.64272,3.41871,1.61065,0,0,0,0,0,0,0,0,6.95751,7.71616,0.68083,21.974,4.24425,0.00131877,0.00131877,0.00131877
18,36.7428,2.18205,6.72086,0.6224,3.03627,1.5786,0,0,0,0,0.00014,0.04348,8e-05,1e-05,6.93095,7.6648,0.67091,18.1543,4.1165,0.0013961,0.0013961,0.0013961
19,38.3729,2.16008,6.66112,0.61024,2.71754,1.5679,0,0,0,0,0,0,0,0,6.8759,7.58889,0.65748,15.2408,3.91356,0.00147327,0.00147327,0.00147327
20,39.9733,2.17872,6.59896,0.6074,2.62695,1.47774,0,0,0,0,0.00014,0.04348,8e-05,1e-05,6.81809,7.56646,0.65065,13.4976,3.75641,0.00155028,0.00155028,0.00155028
21,41.6773,1.98237,6.69207,0.57513,2.62402,1.47849,0,0,0,0,0.00014,0.04348,8e-05,1e-05,6.80668,7.58733,0.65134,13.2716,3.74794,0.00162713,0.00162713,0.00162713
22,43.46,1.94103,6.59686,0.56944,2.39098,1.39523,0,0,0,0,0,0,0,0,6.7652,7.60544,0.64805,12.3855,3.67463,0.00170383,0.00170383,0.00170383
23,45.0638,2.00136,6.59814,0.56315,2.37036,1.37717,0,0,0,0,0,0,0,0,6.72835,7.57828,0.6303,11.6997,3.6224,0.00178036,0.00178036,0.00178036
24,46.6498,1.86718,6.63266,0.52746,2.22258,1.38226,0,0,0,0,0,0,0,0,6.70621,7.57275,0.6179,11.6246,3.58476,0.00185674,0.00185674,0.00185674
25,48.2475,1.88532,6.53971,0.52423,2.12402,1.31535,0,0,0,0,0,0,0,0,6.68123,7.54586,0.60782,11.3696,3.54997,0.00193296,0.00193296,0.00193296
26,49.7942,1.78755,6.44814,0.50092,2.023,1.31953,0,0,0,0,0,0,0,0,6.73845,7.57944,0.6129,7.26113,3.63698,0.0019505,0.0019505,0.0019505
27,51.3497,1.77502,6.14813,0.48815,2.04612,1.30275,0,0,0,0,0.00029,0.08696,0.00017,2e-05,6.71649,7.62736,0.62883,6.94056,3.61195,0.00194852,0.00194852,0.00194852
28,52.903,1.6553,6.42335,0.46856,1.76017,1.2662,0,0,0,0,0,0,0,0,6.70184,8.43139,0.94421,10.9478,3.62742,0.00194654,0.00194654,0.00194654
29,54.5773,1.75365,6.23174,0.4532,1.78836,1.27974,0,0,0,0,0,0,0,0,6.8014,10.5356,2.09653,11.839,3.8412,0.00194456,0.00194456,0.00194456
30,56.1769,1.60387,6.20682,0.42648,1.65657,1.20962,0,0,0,0,0,0,0,0,6.8116,11.1887,2.95807,6.73397,3.95273,0.00194258,0.00194258,0.00194258
31,57.7686,1.50861,6.09697,0.40917,1.59205,1.18049,0,0,0,0,0,0,0,0,6.84341,11.2833,3.65717,5.26044,4.09723,0.0019406,0.0019406,0.0019406
32,59.3367,1.60929,6.36173,0.41818,1.51837,1.18584,0,0,0,0,0,0,0,0,6.71964,10.723,2.28252,10.1736,3.64447,0.00193862,0.00193862,0.00193862
33,60.9151,1.63587,6.05026,0.40788,1.55165,1.22266,0,0,0,0,0,0,0,0,6.723,10.4823,1.85544,7.20003,3.63273,0.00193664,0.00193664,0.00193664
34,62.4647,1.57403,6.0964,0.38532,1.52067,1.18932,0,0,0,0,0,0,0,0,6.80044,10.09,1.58972,5.97196,3.77645,0.00193466,0.00193466,0.00193466
35,64.0682,1.5539,5.9668,0.35519,1.44452,1.17784,0,0,0,0,0,0,0,0,6.75058,9.35485,1.22743,5.8903,3.66455,0.00193268,0.00193268,0.00193268
36,65.6385,1.50379,6.13221,0.36097,1.44416,1.16118,0,0,0,0,0,0,0,0,6.6333,9.45813,1.2151,5.84876,3.47389,0.0019307,0.0019307,0.0019307
37,67.1636,1.52094,6.18366,0.33099,1.402,1.21174,0,0,0,0,0.00014,0.04348,8e-05,1e-05,6.31991,9.24785,1.08047,5.73483,3.17159,0.00192872,0.00192872,0.00192872
38,68.8205,1.51801,6.01996,0.29355,1.40044,1.17837,0,0,0,0,0,0,0,0,6.14444,10.2037,1.47096,5.91376,3.07177,0.00192674,0.00192674,0.00192674
39,70.3954,1.42897,5.97765,0.28733,1.24568,1.13046,0,0,0,0,0,0,0,0,6.34033,11.0719,2.2475,7.78602,3.22678,0.00192476,0.00192476,0.00192476
40,71.9268,1.61575,5.8916,0.24006,1.42261,1.19497,0,0,0,0,0,0,0,0,6.20529,11.1424,2.49415,7.39938,3.1404,0.00192278,0.00192278,0.00192278
41,73.5078,1.54677,6.17672,0.28885,1.32094,1.18683,0,0,0,0,0,0,0,0,4.95081,10.7,1.97517,4.99152,2.53047,0.0019208,0.0019208,0.0019208
42,75.0395,1.54807,6.12888,0.30027,1.34902,1.12635,0.00043,0.13043,0.00539,0.00065,0,0,0,0,3.6977,9.48309,1.2696,4.1879,2.09144,0.00191882,0.00191882,0.00191882
43,76.5829,1.49019,5.67143,0.29297,1.27703,1.13032,0.00101,0.30435,0.09159,0.03165,0,0,0,0,2.9591,8.91429,0.99009,3.69569,1.83945,0.00191684,0.00191684,0.00191684
44,78.1548,1.41823,5.67746,0.23108,1.15857,1.08436,0.00154,0.43478,0.10597,0.04952,0,0,0,0,2.67963,9.27923,1.3295,3.35734,1.78028,0.00191486,0.00191486,0.00191486
45,79.7813,1.32276,5.76132,0.24902,1.19844,1.09808,0.84465,0.23807,0.35245,0.17929,0.00033,0.08696,0.00427,0.00047,2.07414,8.51775,0.98571,2.64554,1.54796,0.00191288,0.00191288,0.00191288
46,81.3347,1.31296,5.53396,0.23294,1.10586,1.05939,1,0.61459,0.65734,0.3387,0.00131,0.30435,0.02465,0.00357,1.88129,7.25603,0.43999,2.0226,1.46274,0.0019109,0.0019109,0.0019109
47,82.8732,1.22499,5.51927,0.19052,1.03786,1.04043,0.94929,0.78261,0.89904,0.52723,0.04782,0.04348,0.04863,0.01258,1.5533,6.53583,0.19644,1.56924,1.2856,0.00190892,0.00190892,0.00190892
48,84.4046,1.3246,5.49757,0.22224,1.08824,1.05489,0.98988,0.91304,0.98114,0.61376,0.21999,0.20878,0.09624,0.01709,1.42588,6.1429,0.17288,1.22252,1.17771,0.00190694,0.00190694,0.00190694
49,85.969,1.37079,5.79435,0.2557,1.16185,1.11758,0.99188,0.82609,0.92625,0.55859,0.13587,0.17391,0.06774,0.01551,1.5001,6.04667,0.18487,1.27707,1.17951,0.00190496,0.00190496,0.00190496
50,87.4805,1.28795,5.39673,0.17093,1.10413,1.08347,0.94914,0.81186,0.96724,0.54146,0.14986,0.17391,0.04624,0.00692,1.54337,6.19089,0.19166,1.43235,1.24005,0.00190298,0.00190298,0.00190298
51,89.0072,1.34808,5.45235,0.19343,1.1236,1.07466,0.95575,0.93958,0.98792,0.52633,0.19481,0.13043,0.06151,0.01038,1.59395,5.99498,0.15711,1.44003,1.27097,0.001901,0.001901,0.001901
52,90.6094,1.34035,5.24847,0.21804,1.07218,1.08135,0.91559,0.94355,0.9729,0.56249,0.35862,0.30435,0.17135,0.03078,1.55274,5.81322,0.15261,1.30535,1.2404,0.00189902,0.00189902,0.00189902
53,92.219,1.35544,5.22705,0.21241,1.12602,1.10996,0.91306,0.91321,0.98114,0.52817,0.24822,0.26087,0.11635,0.02059,1.55243,5.80785,0.15417,1.06084,1.18578,0.00189704,0.00189704,0.00189704
54,93.7217,1.28642,5.52877,0.2165,1.05448,1.07484,0.9145,0.93054,0.98347,0.59573,0.34044,0.34783,0.27173,0.05775,1.51861,5.4289,0.11897,1.00781,1.17209,0.00189506,0.00189506,0.00189506
55,95.28,1.29453,5.04888,0.22098,1.11068,1.07122,0.99123,0.95652,0.99333,0.65725,0.36352,0.3913,0.21371,0.04789,1.34889,4.90002,0.1178,0.96423,1.14015,0.00189308,0.00189308,0.00189308
56,96.8334,1.27816,4.99374,0.25564,1.07514,1.04691,1,0.95173,0.99333,0.67482,0.40876,0.43478,0.22008,0.05902,1.25922,5.01992,0.09291,0.96963,1.10927,0.0018911,0.0018911,0.0018911
57,98.3735,1.2468,4.49264,0.18734,1.06387,1.08307,0.90754,1,0.98633,0.67834,0.39174,0.43478,0.28274,0.07075,1.24516,4.69933,0.10034,0.93409,1.10545,0.00188912,0.00188912,0.00188912
58,99.9018,1.22331,4.81072,0.18121,1.06615,1.07895,0.98593,1,0.995,0.63287,0.55552,0.56522,0.45251,0.10989,1.27552,4.69957,0.10993,0.82838,1.09912,0.00188714,0.00188714,0.00188714
59,101.437,1.47241,4.95829,0.24126,1.14357,1.11418,0.98284,1,0.995,0.62575,0.46046,0.52174,0.32819,0.07095,1.39864,4.97079,0.09265,0.83164,1.11313,0.00188516,0.00188516,0.00188516
60,103.098,1.35363,4.59372,0.23386,1.06609,1.0874,0.99197,0.95652,0.99333,0.63824,0.59926,0.65024,0.48141,0.12841,1.28673,4.70786,0.09883,0.78846,1.08185,0.00188318,0.00188318,0.00188318
61,104.627,1.30957,4.47908,0.20391,1.03963,1.0768,0.93821,0.86957,0.97071,0.63099,0.5143,0.47826,0.39038,0.08187,1.25648,4.84622,0.08254,0.84923,1.06525,0.0018812,0.0018812,0.0018812
62,106.158,1.27984,4.53438,0.17986,1.02592,1.07841,0.98783,1,0.995,0.64962,0.68682,0.69565,0.57933,0.16906,1.26694,4.42058,0.06721,0.87655,1.05762,0.00187922,0.00187922,0.00187922
63,107.733,1.23123,4.52287,0.17368,0.95871,1.01006,0.98111,1,0.995,0.67326,0.72488,0.73913,0.62193,0.19711,1.27037,3.97618,0.08997,0.87567,1.05214,0.00187724,0.00187724,0.00187724
64,109.276,1.23948,4.40348,0.17144,0.98432,1.03419,1,0.97637,0.995,0.68451,0.8223,0.80528,0.76832,0.26759,1.19589,3.66362,0.09077,0.86996,1.03541,0.00187526,0.00187526,0.00187526
65,110.811,1.22607,4.37723,0.15455,1.00548,1.00544,0.94662,1,0.98958,0.6247,0.5564,0.60015,0.44967,0.12971,1.25934,4.76184,0.07377,0.84062,1.0549,0.00187328,0.00187328,0.00187328
66,112.36,1.31351,3.9883,0.1885,1.01628,1.07259,0.95555,0.9352,0.98733,0.63891,0.61939,0.73913,0.58317,0.26991,1.26673,3.72172,0.08946,0.8328,1.06357,0.0018713,0.0018713,0.0018713
67,113.971,1.26368,3.94577,0.1549,0.98557,1.03066,0.98621,0.91304,0.98705,0.64775,0.69279,0.6087,0.56515,0.20866,1.19522,3.78548,0.08384,0.81738,1.03849,0.00186932,0.00186932,0.00186932
68,115.497,1.23425,3.94593,0.17862,0.92064,1.06247,0.98674,0.91304,0.98865,0.63797,0.82394,0.78261,0.80301,0.28321,1.26056,3.3883,0.07917,0.78026,1.0487,0.00186734,0.00186734,0.00186734
69,117.063,1.12719,3.59661,0.15264,0.95935,1.03554,0.97456,0.91304,0.98192,0.6183,0.86886,0.86443,0.87624,0.36164,1.3211,3.15589,0.09441,0.77995,1.0769,0.00186536,0.00186536,0.00186536
70,118.646,1.18664,3.4388,0.20018,0.9724,1.08269,0.94331,0.91304,0.98018,0.61773,0.89806,0.86957,0.89259,0.37172,1.35228,3.36936,0.10465,0.85368,1.08988,0.00186338,0.00186338,0.00186338
71,120.262,1.16042,3.64255,0.13214,0.95025,1.03139,0.93515,0.95652,0.98789,0.57668,0.79506,0.84378,0.81123,0.36541,1.47088,3.15742,0.07522,0.79718,1.12076,0.0018614,0.0018614,0.0018614
72,121.797,1.23619,3.94901,0.20845,0.96275,1.06028,0.95652,1,0.995,0.61015,0.95652,1,0.995,0.3977,1.26602,2.72956,0.07197,0.78554,1.08601,0.00185942,0.00185942,0.00185942
73,123.337,1.22745,3.71264,0.18931,0.95946,1.03169,0.95738,0.97704,0.99333,0.65476,0.80728,0.91071,0.85372,0.31131,1.15351,3.38325,0.06293,0.73108,1.05622,0.00185744,0.00185744,0.00185744
74,124.894,1.24441,3.32906,0.14047,0.94614,1.05354,0.94742,0.95652,0.99006,0.6528,0.77453,0.91304,0.86003,0.3257,1.15055,3.06742,0.05823,0.74031,1.03857,0.00185546,0.00185546,0.00185546
75,126.541,1.24556,3.37042,0.17884,0.88707,1.04187,1,0.9889,0.995,0.71168,0.78192,0.77959,0.78281,0.34053,1.1199,3.04852,0.05458,0.74727,1.02024,0.00185348,0.00185348,0.00185348
76,128.101,1.11052,3.21082,0.13892,0.84642,0.98981,0.98998,1,0.995,0.73265,0.81745,0.82609,0.76205,0.36052,1.1434,2.93605,0.05226,0.71749,1.0324,0.0018515,0.0018515,0.0018515
77,129.685,1.22215,2.95779,0.2008,0.87938,1.03258,0.95832,1,0.995,0.7081,0.82983,0.86957,0.84957,0.43554,1.17004,2.59239,0.05728,0.72503,1.02594,0.00184952,0.00184952,0.00184952
78,131.257,1.11808,2.85778,0.15659,0.87509,1.00282,0.94871,1,0.98417,0.73056,0.82308,0.86957,0.80863,0.38327,1.02865,2.75882,0.05214,0.66392,0.98394,0.00184754,0.00184754,0.00184754
79,132.81,1.11387,3.02417,0.1471,0.80227,1.00902,0.96907,1,0.995,0.75462,0.92175,0.95652,0.94222,0.41418,1.03586,2.51243,0.04808,0.66102,0.98256,0.00184556,0.00184556,0.00184556
80,134.349,1.12251,2.91675,0.15225,0.8537,1.04,0.99453,1,0.995,0.7141,0.95117,0.95652,0.94919,0.49429,1.10748,2.38651,0.04855,0.66271,0.99083,0.00184358,0.00184358,0.00184358
81,135.867,1.11926,2.96896,0.15666,0.85063,0.97918,0.99169,1,0.995,0.74043,0.86128,0.86957,0.77711,0.43947,1.0784,2.70129,0.04509,0.65223,1.00352,0.0018416,0.0018416,0.0018416
82,137.431,1.14108,2.77478,0.12771,0.82111,1.00749,0.9575,1,0.995,0.71529,0.8741,0.91304,0.87021,0.38419,1.11835,2.79117,0.04631,0.69269,1.02958,0.00183962,0.00183962,0.00183962
83,139.108,1.11587,2.68783,0.14294,0.84064,1.02558,0.99483,1,0.995,0.66758,0.87581,0.86957,0.84105,0.45832,1.19437,2.46058,0.05451,0.67931,1.03957,0.00183764,0.00183764,0.00183764
84,140.642,1.0724,2.60007,0.18735,0.82024,1.01105,1,0.99555,0.995,0.70216,0.90958,0.87497,0.88251,0.44234,1.03577,2.361,0.05191,0.64217,0.99903,0.00183566,0.00183566,0.00183566
85,142.181,1.0648,2.47197,0.13076,0.81191,0.99525,0.99373,1,0.995,0.69835,0.81717,0.82609,0.74095,0.38904,1.09309,2.57526,0.05646,0.66906,1.01688,0.00183368,0.00183368,0.00183368
86,143.727,1.13777,2.47419,0.15335,0.87653,1.03656,0.95455,1,0.98958,0.66073,0.90583,0.91304,0.88164,0.39078,1.16844,2.69832,0.05155,0.73138,1.02651,0.0018317,0.0018317,0.0018317
87,145.242,1.14572,2.56176,0.14683,0.84823,0.99391,0.95078,1,0.99333,0.66303,0.80103,0.78261,0.70979,0.41522,1.10951,2.59474,0.05408,0.73854,1.01643,0.00182972,0.00182972,0.00182972
88,146.809,1.1625,2.5132,0.10349,0.84501,1.00775,0.94906,1,0.99167,0.66641,0.86735,0.82609,0.85545,0.48586,1.26343,2.33191,0.04343,0.7514,1.05145,0.00182774,0.00182774,0.00182774
89,148.483,1.11651,2.549,0.10111,0.84773,1.01161,0.98723,1,0.995,0.69418,0.94353,0.95652,0.93831,0.60834,1.22095,1.99275,0.03927,0.75141,1.03316,0.00182576,0.00182576,0.00182576
90,150.129,1.15178,2.69501,0.11268,0.85793,1.00677,0.91767,1,0.99006,0.70913,0.87744,0.95652,0.93609,0.49963,1.12215,2.17845,0.03785,0.70778,0.9972,0.00182378,0.00182378,0.00182378
91,151.888,1.16858,2.55632,0.12514,0.86669,1.03895,0.90488,1,0.96603,0.67764,0.86554,0.95652,0.89888,0.52908,1.06189,2.02821,0.03768,0.69924,0.98158,0.0018218,0.0018218,0.0018218
92,153.462,1.09447,2.46496,0.11169,0.82604,1.00808,0.88073,1,0.95374,0.71162,0.88073,1,0.94524,0.5813,1.01794,1.79826,0.03819,0.67298,0.98296,0.00181982,0.00181982,0.00181982
93,154.996,1.04546,2.33404,0.1232,0.78896,0.97947,1,0.98448,0.995,0.68399,0.95586,0.94193,0.94726,0.59608,1.08683,1.82499,0.03339,0.74795,0.9858,0.00181784,0.00181784,0.00181784
94,156.554,1.16132,2.20543,0.16284,0.7779,0.99967,0.95044,1,0.99333,0.65848,0.90894,0.95652,0.95592,0.5457,1.11275,1.806,0.03047,0.7806,0.99031,0.00181586,0.00181586,0.00181586
95,158.103,1.04122,2.11353,0.12315,0.81393,0.9941,0.99311,1,0.995,0.72915,0.94994,0.95652,0.96375,0.59499,1.03285,1.81229,0.0298,0.64582,0.96246,0.00181388,0.00181388,0.00181388
96,159.648,1.18382,2.2185,0.13564,0.79984,0.98373,0.91573,1,0.95365,0.71456,0.8361,0.91304,0.86386,0.50951,0.98589,2.03321,0.03006,0.68087,0.9565,0.0018119,0.0018119,0.0018119
97,161.194,1.10763,1.99001,0.1447,0.81514,0.99866,0.91322,1,0.94203,0.65207,0.87352,0.95652,0.9051,0.59175,1.23589,1.70895,0.03411,0.78922,1.01156,0.00180992,0.00180992,0.00180992
98,162.926,1.12626,1.98302,0.11803,0.79615,0.98142,0.95332,1,0.99167,0.72336,0.91139,0.95652,0.94933,0.5951,1.04643,1.69132,0.0287,0.66459,0.95062,0.00180794,0.00180794,0.00180794
99,164.486,1.12967,2.08061,0.1554,0.81826,0.98594,0.94827,1,0.99333,0.66929,0.94827,1,0.99333,0.58894,1.22419,1.80695,0.02548,0.66274,1.00352,0.00180596,0.00180596,0.00180596
100,166.106,1.10023,2.06718,0.13798,0.78355,0.95192,0.95404,1,0.99333,0.69269,0.91256,0.95652,0.96134,0.59181,1.04974,1.62163,0.0245,0.6858,0.95032,0.00180398,0.00180398,0.00180398
101,167.676,1.09164,2.12628,0.14624,0.7589,0.99371,0.99936,1,0.995,0.72881,0.95559,0.95652,0.94468,0.55814,1.07004,1.65063,0.02108,0.65201,0.96032,0.001802,0.001802,0.001802
102,169.26,1.09638,2.16277,0.1561,0.80633,0.99484,1,0.99565,0.995,0.67197,1,0.99565,0.995,0.5988,1.1435,1.52983,0.02263,0.70358,0.97039,0.00180002,0.00180002,0.00180002
103,170.778,1.10738,2.00495,0.17488,0.75556,1.00561,1,0.99852,0.995,0.72264,1,0.99852,0.995,0.62958,1.03066,1.40396,0.02353,0.85888,0.93769,0.00179804,0.00179804,0.00179804
104,172.322,1.20497,2.1191,0.15359,0.77756,0.96746,0.97232,0.95652,0.99333,0.7249,0.92736,0.91304,0.92714,0.53641,1.04499,1.65477,0.02166,0.95262,0.95033,0.00179606,0.00179606,0.00179606
105,173.871,1.06154,2.07564,0.18822,0.80042,1.01405,0.94941,1,0.99167,0.68649,0.90813,0.95652,0.91694,0.49496,1.0773,1.91293,0.02285,0.83728,0.96785,0.00179408,0.00179408,0.00179408
106,175.55,1.01898,2.36065,0.16162,0.78385,0.99429,0.96573,1,0.995,0.65117,0.93885,0.95652,0.96348,0.4957,1.21423,2.03576,0.01979,0.73841,1.01555,0.0017921,0.0017921,0.0017921
107,177.163,1.06176,2.12215,0.13026,0.73243,0.98663,0.99444,1,0.995,0.67049,0.92839,0.91304,0.87862,0.4201,1.13064,2.34862,0.0203,0.6881,0.98792,0.00179012,0.00179012,0.00179012
108,178.758,1.01685,2.14325,0.19627,0.72535,0.97834,0.99502,1,0.995,0.7096,0.99502,1,0.995,0.52388,1.00417,1.58857,0.0223,0.59066,0.94294,0.00178814,0.00178814,0.00178814
109,180.386,0.977,1.92839,0.19749,0.73785,0.94298,0.99169,1,0.995,0.68396,0.94834,0.95652,0.91456,0.57108,1.09748,1.59212,0.02274,0.66094,0.96604,0.00178616,0.00178616,0.00178616
110,181.991,0.99455,1.98617,0.12075,0.74317,0.96292,0.99248,1,0.995,0.69015,0.90575,0.91304,0.91032,0.46731,1.20611,2.17134,0.02227,0.67579,0.9859,0.00178418,0.00178418,0.00178418
111,183.533,0.98994,1.79352,0.12941,0.702,0.94358,0.99538,1,0.995,0.70663,0.99538,1,0.995,0.62754,1.07264,1.68265,0.02357,0.67078,0.95813,0.0017822,0.0017822,0.0017822
112,185.069,1.04748,2.04314,0.15578,0.73526,0.98743,0.95059,1,0.99333,0.71876,0.90926,0.95652,0.94289,0.6901,1.01742,1.3827,0.02596,0.65381,0.94233,0.00178022,0.00178022,0.00178022
113,186.636,1.05404,1.78825,0.1445,0.77826,0.99675,0.99331,1,0.995,0.74817,0.94996,0.95652,0.95441,0.67161,1.00982,1.32539,0.02683,0.62686,0.94414,0.00177824,0.00177824,0.00177824
114,188.309,0.97949,1.68369,0.13366,0.70759,0.95493,0.99512,1,0.995,0.75697,0.99512,1,0.995,0.68061,0.98242,1.40761,0.02619,0.63668,0.93319,0.00177626,0.00177626,0.00177626
115,189.819,1.0313,1.82996,0.1857,0.74452,0.98233,0.99518,1,0.995,0.7362,0.99518,1,0.995,0.62393,0.99378,1.7863,0.02664,0.62612,0.93863,0.00177428,0.00177428,0.00177428
116,191.361,1.01992,1.8842,0.16025,0.7099,0.94413,0.99625,1,0.995,0.72261,0.99625,1,0.995,0.66302,0.95053,1.38078,0.03079,0.60793,0.93056,0.0017723,0.0017723,0.0017723
117,192.905,1.03807,1.95841,0.14456,0.72753,0.99104,0.99573,1,0.995,0.73246,0.95233,0.95652,0.94673,0.66296,0.98015,1.33892,0.0268,0.58495,0.93636,0.00177032,0.00177032,0.00177032
118,194.499,1.05369,1.70955,0.11931,0.70857,0.95417,0.99244,1,0.995,0.76101,0.94929,0.95652,0.94657,0.6569,0.94942,1.31274,0.02383,0.59327,0.93334,0.00176834,0.00176834,0.00176834
119,196.027,1.07779,2.15254,0.14443,0.75258,1.01384,0.99619,1,0.995,0.71496,0.95288,0.95652,0.96247,0.56818,1.0336,1.60686,0.02659,0.61988,0.94849,0.00176636,0.00176636,0.00176636
120,197.549,1.01972,1.95764,0.19627,0.72925,0.99537,0.99623,1,0.995,0.67523,0.95291,0.95652,0.95,0.62502,1.09756,1.55859,0.02502,0.65684,0.96517,0.00176438,0.00176438,0.00176438
121,199.076,1.08662,1.79415,0.12515,0.70298,0.9588,0.95654,1,0.98083,0.74467,0.94675,0.95652,0.94557,0.6446,0.9925,1.46078,0.02927,0.67266,0.93987,0.0017624,0.0017624,0.0017624
122,200.71,1.11915,1.86691,0.16222,0.73309,0.96459,0.95477,1,0.97,0.71813,0.9802,1,0.995,0.65363,1.00712,1.27153,0.03362,0.6533,0.96099,0.00176042,0.00176042,0.00176042
123,202.225,1.05375,1.8245,0.17871,0.71195,0.99653,0.99702,1,0.995,0.74654,0.9529,0.95652,0.94067,0.6725,0.97383,1.4062,0.03094,0.6669,0.94571,0.00175844,0.00175844,0.00175844
124,203.776,1.01371,1.76734,0.17277,0.72247,0.95572,1,0.98527,0.995,0.74354,1,0.98527,0.995,0.65487,0.95239,1.32703,0.03332,0.77216,0.93589,0.00175646,0.00175646,0.00175646
125,205.346,1.00098,1.81325,0.14577,0.67558,0.94518,0.99779,1,0.995,0.74565,0.95334,0.95652,0.95421,0.69459,1.00078,1.34469,0.03614,0.76087,0.94846,0.00175448,0.00175448,0.00175448
126,206.938,0.98324,1.5724,0.13318,0.70785,0.94167,0.99119,1,0.995,0.76811,0.94809,0.95652,0.96023,0.72048,0.95873,1.24919,0.02952,0.65249,0.93195,0.0017525,0.0017525,0.0017525
127,208.597,1.00999,1.67959,0.18157,0.6796,0.9536,1,0.99521,0.995,0.73849,0.98349,0.95652,0.95723,0.71206,0.96455,1.25821,0.03168,0.64414,0.92825,0.00175052,0.00175052,0.00175052
128,210.193,1.00749,1.54613,0.15161,0.66067,0.96565,0.99208,1,0.995,0.75067,0.99208,1,0.995,0.66032,0.9586,1.27827,0.02989,0.678,0.92705,0.00174854,0.00174854,0.00174854
129,211.889,1.0895,1.46684,0.12474,0.67181,0.95358,1,0.98144,0.995,0.65137,1,0.98144,0.995,0.67817,1.12507,1.23595,0.0269,0.94189,0.95907,0.00174656,0.00174656,0.00174656
130,213.451,1.03717,1.56766,0.13586,0.70774,0.9809,0.90512,1,0.9886,0.71471,0.90512,1,0.9886,0.67664,0.97596,1.25478,0.02596,0.85065,0.92872,0.00174458,0.00174458,0.00174458
131,214.959,1.04338,1.63871,0.20826,0.7264,0.96282,0.99044,0.95652,0.99333,0.75555,0.94522,0.91304,0.94973,0.66467,0.94895,1.305,0.02341,0.60925,0.9225,0.0017426,0.0017426,0.0017426
132,216.522,1.03711,1.5105,0.13103,0.67838,0.9702,0.99982,0.95652,0.99333,0.72807,0.99982,0.95652,0.99333,0.71603,1.08385,1.17322,0.02823,0.66639,0.95397,0.00174062,0.00174062,0.00174062
133,218.03,0.95613,1.54435,0.10555,0.68967,0.92643,0.9931,1,0.995,0.74966,0.9931,1,0.995,0.71486,0.97282,1.1678,0.02527,0.61059,0.93366,0.00173864,0.00173864,0.00173864
134,219.65,0.94225,1.4903,0.10755,0.67357,0.95532,0.994,1,0.995,0.76331,0.95078,0.95652,0.95827,0.52895,0.96905,1.74553,0.01856,0.57641,0.92515,0.00173666,0.00173666,0.00173666
135,221.507,1.02581,1.78746,0.17134,0.67504,0.94859,0.95818,0.99627,0.99333,0.67772,0.91456,0.93128,0.95405,0.68712,1.06393,1.22994,0.02234,0.75069,0.9503,0.00173468,0.00173468,0.00173468
136,223.035,0.98456,1.614,0.19061,0.71909,0.95072,0.92962,1,0.995,0.69538,0.88706,0.95652,0.95126,0.67083,1.01757,1.40967,0.02296,0.70927,0.93595,0.0017327,0.0017327,0.0017327
137,224.714,1.02605,1.48048,0.12947,0.66691,0.97508,0.98507,1,0.995,0.72838,0.98507,1,0.995,0.66166,1.0149,1.31357,0.02267,0.624,0.9379,0.00173072,0.00173072,0.00173072
138,226.309,1.02788,1.52322,0.15362,0.66356,0.98232,0.99581,1,0.995,0.73189,0.95241,0.95652,0.93664,0.72991,0.96744,1.08459,0.02543,0.60744,0.93932,0.00172874,0.00172874,0.00172874
139,227.896,0.97727,1.53268,0.13014,0.66096,0.97089,0.99561,1,0.995,0.70971,0.95224,0.95652,0.92957,0.75501,1.01552,1.01098,0.02555,0.58936,0.9523,0.00172676,0.00172676,0.00172676
140,229.433,0.9776,1.26024,0.10565,0.65601,0.96097,0.9931,1,0.995,0.73697,0.9931,1,0.995,0.72083,0.98677,1.09315,0.02353,0.58064,0.93088,0.00172478,0.00172478,0.00172478
141,231.002,0.92207,1.62667,0.13191,0.66285,0.95488,0.99499,1,0.995,0.70543,0.99499,1,0.995,0.73487,0.97997,1.06926,0.02264,0.57454,0.93854,0.0017228,0.0017228,0.0017228
142,232.709,1.0017,1.66023,0.1838,0.66296,0.95227,0.997,1,0.995,0.68387,0.95357,0.95652,0.93088,0.70106,1.08174,1.09441,0.02261,0.59842,0.97001,0.00172082,0.00172082,0.00172082
143,234.766,0.9532,1.37068,0.11524,0.66825,0.93664,0.95297,0.95652,0.9481,0.6967,0.95297,0.95652,0.92387,0.6373,1.01508,1.29987,0.02873,0.6015,0.94748,0.00171884,0.00171884,0.00171884
144,236.476,0.92869,1.36681,0.12621,0.62481,0.92486,0.9958,1,0.995,0.71986,0.95242,0.95652,0.92601,0.7118,0.97228,1.21797,0.02945,0.61008,0.93049,0.00171686,0.00171686,0.00171686
145,238.012,0.97908,1.48787,0.15191,0.63251,0.94597,0.99435,1,0.995,0.71646,0.99435,1,0.995,0.68657,1.04596,1.14612,0.02621,0.59612,0.95461,0.00171488,0.00171488,0.00171488
146,239.57,0.95138,1.37874,0.13217,0.63395,0.94751,0.95184,0.95652,0.97166,0.70407,0.95184,0.95652,0.97166,0.71585,1.06906,1.14875,0.02493,0.62184,0.96168,0.0017129,0.0017129,0.0017129
147,241.129,0.95467,1.53442,0.16435,0.6272,0.92529,0.99254,1,0.995,0.76251,0.99254,1,0.995,0.7107,0.8567,1.14778,0.0206,0.5502,0.89648,0.00171092,0.00171092,0.00171092
148,242.662,0.88867,1.32053,0.09252,0.62915,0.93186,0.95181,1,0.99167,0.76539,0.95181,1,0.99167,0.63807,0.9033,1.3433,0.01826,0.59872,0.9059,0.00170894,0.00170894,0.00170894
149,244.205,0.95396,1.69027,0.17173,0.62814,0.95292,0.95795,1,0.99167,0.76079,0.91591,0.95652,0.9385,0.69628,0.91616,1.15414,0.01868,0.60218,0.90183,0.00170696,0.00170696,0.00170696
150,245.787,0.9725,1.46176,0.12396,0.6031,0.90968,0.95446,1,0.99333,0.75991,0.87106,0.91304,0.88611,0.60678,0.922,1.49574,0.01879,0.61433,0.90561,0.00170498,0.00170498,0.00170498
151,247.43,1.00911,1.4668,0.11937,0.64583,0.9625,0.99372,0.95652,0.9918,0.75266,0.99372,0.95652,0.9918,0.71539,0.97687,1.15452,0.01802,0.64509,0.94014,0.001703,0.001703,0.001703
152,248.964,0.96655,1.39873,0.20835,0.65468,0.93625,0.99789,1,0.995,0.776,0.99789,1,0.995,0.80098,0.89283,0.90987,0.0201,0.56629,0.90901,0.00170102,0.00170102,0.00170102
153,250.506,0.91812,1.21253,0.10832,0.63218,0.9294,0.99553,1,0.995,0.72407,0.99553,1,0.995,0.74626,1.01681,1.14731,0.02102,0.60274,0.94446,0.00169904,0.00169904,0.00169904
154,252.068,0.90312,1.16822,0.1116,0.63756,0.93325,0.99996,1,0.995,0.78217,0.99996,1,0.995,0.78683,0.91107,0.97049,0.02353,0.54698,0.90666,0.00169706,0.00169706,0.00169706
155,253.619,0.98794,1.26428,0.11261,0.62332,0.94386,0.99727,1,0.995,0.80912,0.99727,1,0.995,0.76239,0.87347,0.9425,0.02226,0.5607,0.9076,0.00169508,0.00169508,0.00169508
156,255.224,0.95216,1.43885,0.1839,0.64721,0.9525,0.99174,1,0.995,0.74154,0.99174,1,0.995,0.7334,0.94195,1.02669,0.0214,0.58529,0.92394,0.0016931,0.0016931,0.0016931
157,256.773,0.90105,1.4153,0.13124,0.61185,0.92891,0.99225,1,0.995,0.78033,0.99225,1,0.995,0.78199,0.86653,0.92523,0.02298,0.57158,0.90104,0.00169112,0.00169112,0.00169112
158,258.399,0.91798,1.35921,0.12488,0.61145,0.9372,0.91768,1,0.995,0.78837,0.91768,1,0.995,0.75336,0.85891,1.0783,0.01871,0.62025,0.8896,0.00168914,0.00168914,0.00168914
159,259.932,0.85536,1.23293,0.10035,0.59847,0.89858,0.98288,1,0.995,0.80617,0.98288,1,0.995,0.758,0.84311,1.04082,0.01834,0.65681,0.88751,0.00168716,0.00168716,0.00168716
160,261.457,0.87331,1.27026,0.15576,0.604,0.93355,0.99855,1,0.995,0.78436,0.99855,1,0.995,0.7762,0.89411,0.9475,0.01905,0.56024,0.89968,0.00168518,0.00168518,0.00168518
161,262.97,0.94073,1.31532,0.11977,0.60267,0.92892,0.98651,1,0.995,0.76008,0.98651,1,0.995,0.76105,0.92627,0.99294,0.01981,0.57885,0.91232,0.0016832,0.0016832,0.0016832
162,264.484,0.93985,1.52866,0.19375,0.61938,0.93061,0.99356,1,0.995,0.77932,0.99356,1,0.995,0.7634,0.86879,0.97528,0.02014,0.56417,0.89202,0.00168122,0.00168122,0.00168122
163,266.043,0.86013,0.96943,0.10003,0.59647,0.91413,0.99144,1,0.995,0.75249,0.99144,1,0.995,0.69134,0.92959,1.16779,0.0171,0.56366,0.90948,0.00167924,0.00167924,0.00167924
164,267.573,0.91895,1.13121,0.14571,0.60107,0.9338,0.99399,1,0.995,0.74949,0.99399,1,0.995,0.74293,0.89597,0.99183,0.01729,0.55229,0.90947,0.00167726,0.00167726,0.00167726
165,269.257,0.90684,1.37043,0.12812,0.5917,0.91663,0.99624,1,0.995,0.779,0.99624,1,0.995,0.73702,0.85361,1.01724,0.01816,0.52821,0.89265,0.00167528,0.00167528,0.00167528
166,270.826,0.88182,1.15899,0.12311,0.58878,0.92189,0.99471,1,0.995,0.77406,0.99471,1,0.995,0.71201,0.90426,1.10775,0.01859,0.56975,0.90984,0.0016733,0.0016733,0.0016733
167,272.378,0.95255,1.33607,0.10346,0.63251,0.94814,0.99529,1,0.995,0.69593,0.95202,0.95652,0.95387,0.69647,1.04059,1.31962,0.01731,0.62869,0.94387,0.00167132,0.00167132,0.00167132
168,273.909,0.9348,1.35223,0.14969,0.61642,0.92119,0.9964,1,0.995,0.72473,0.95307,0.95652,0.94632,0.74859,0.94549,1.07177,0.02004,0.58453,0.91884,0.00166934,0.00166934,0.00166934
169,275.455,0.92963,1.30987,0.19732,0.63224,0.95476,0.99689,1,0.995,0.75094,0.95355,0.95652,0.95497,0.74597,0.92104,1.07505,0.01969,0.566,0.90932,0.00166736,0.00166736,0.00166736
170,277.018,0.94462,1.34928,0.12425,0.59752,0.94492,0.99593,1,0.995,0.72955,0.95254,0.95652,0.95554,0.71331,0.92873,1.03416,0.01896,0.56859,0.90965,0.00166538,0.00166538,0.00166538
171,278.554,0.88937,1.15338,0.10103,0.5431,0.91987,0.99615,1,0.995,0.72304,0.99615,1,0.995,0.66837,0.93809,1.08772,0.02168,0.59009,0.91734,0.0016634,0.0016634,0.0016634
172,280.084,0.86804,1.33614,0.12779,0.59317,0.93566,1,0.99974,0.995,0.71729,1,0.99974,0.995,0.62701,0.91151,1.14815,0.02029,0.57641,0.9153,0.00166142,0.00166142,0.00166142
173,281.651,0.89907,1.22689,0.15115,0.55328,0.91046,0.99387,1,0.995,0.74599,0.95052,0.95652,0.9438,0.70572,0.95399,1.03101,0.0215,0.53999,0.91728,0.00165944,0.00165944,0.00165944
174,283.311,0.87589,1.25998,0.12012,0.5742,0.92926,0.9948,1,0.995,0.73638,0.95155,0.95652,0.94127,0.7437,0.98138,1.00753,0.02308,0.56032,0.92673,0.00165746,0.00165746,0.00165746
175,284.91,0.86988,1.30747,0.14226,0.57511,0.92058,0.99421,1,0.995,0.78309,0.95098,0.95652,0.92306,0.72209,0.80267,0.97863,0.02086,0.51808,0.90047,0.00165548,0.00165548,0.00165548
176,286.481,0.85858,1.14338,0.09504,0.57792,0.90975,0.99532,1,0.995,0.72492,0.95204,0.95652,0.92647,0.76213,0.93967,0.92608,0.02424,0.53221,0.91357,0.0016535,0.0016535,0.0016535
177,288.046,0.80344,1.33928,0.14112,0.55237,0.93017,0.99585,1,0.995,0.75618,0.95255,0.95652,0.93387,0.74114,0.84619,1.04966,0.02579,0.52498,0.89303,0.00165152,0.00165152,0.00165152
178,289.565,0.82653,1.37028,0.19091,0.54981,0.91405,0.99657,1,0.995,0.78099,0.95324,0.95652,0.94764,0.74536,0.88806,0.98826,0.02194,0.5319,0.90667,0.00164954,0.00164954,0.00164954
179,291.142,0.83531,1.30863,0.14195,0.54439,0.93145,0.99714,1,0.995,0.75382,0.95378,0.95652,0.96984,0.77961,0.95936,0.97833,0.02088,0.54613,0.92157,0.00164756,0.00164756,0.00164756
180,292.692,0.81799,1.17858,0.102,0.54985,0.92027,0.99662,1,0.995,0.7832,0.95321,0.95652,0.9634,0.79143,0.80487,0.93146,0.0195,0.497,0.88445,0.00164558,0.00164558,0.00164558
181,294.21,0.8008,1.11698,0.09497,0.53533,0.91107,0.99586,1,0.995,0.78708,0.99832,0.95652,0.97081,0.80094,0.84018,0.96373,0.02045,0.5182,0.88634,0.0016436,0.0016436,0.0016436
182,295.838,0.86054,1.17502,0.11398,0.53875,0.92812,0.99659,1,0.995,0.80985,0.99659,1,0.995,0.80419,0.79177,0.93489,0.01884,0.50773,0.87989,0.00164162,0.00164162,0.00164162
183,297.412,0.80618,1.16979,0.12265,0.53096,0.92461,0.99703,1,0.995,0.82448,0.99703,1,0.995,0.77408,0.78844,1.0232,0.01543,0.49601,0.87975,0.00163964,0.00163964,0.00163964
184,298.959,0.84275,1.25214,0.15853,0.56181,0.9336,1,0.99979,0.995,0.79744,1,0.99979,0.995,0.7895,0.81177,0.96516,0.01551,0.49462,0.88073,0.00163766,0.00163766,0.00163766
185,300.546,0.81352,1.24699,0.1082,0.56278,0.92724,0.9169,1,0.98615,0.69406,0.9169,1,0.98615,0.68874,1.06265,1.2681,0.0126,0.57686,0.94706,0.00163568,0.00163568,0.00163568
186,302.063,0.87878,1.26564,0.13375,0.5678,0.92878,0.99273,1,0.995,0.71235,0.99273,1,0.995,0.67672,1.06696,1.25221,0.01282,0.54296,0.93919,0.0016337,0.0016337,0.0016337
187,303.585,0.81781,1.31055,0.10244,0.53564,0.89874,0.99702,1,0.995,0.80185,0.99702,1,0.995,0.7514,0.85718,1.03607,0.01806,0.51712,0.88762,0.00163172,0.00163172,0.00163172
188,305.09,0.87336,1.10125,0.09993,0.54926,0.8885,0.99714,1,0.995,0.79674,0.99714,1,0.995,0.77556,0.9237,1.04156,0.01847,0.52399,0.89743,0.00162974,0.00162974,0.00162974
189,306.743,0.85919,1.13241,0.10472,0.53375,0.89888,0.99677,1,0.995,0.7719,0.99677,1,0.995,0.72598,0.95125,1.06555,0.01712,0.55204,0.91935,0.00162776,0.00162776,0.00162776
190,308.279,0.84626,1.32582,0.10992,0.55141,0.8989,0.99639,1,0.995,0.73057,0.99639,1,0.995,0.7552,0.96614,0.98854,0.01978,0.52865,0.92106,0.00162578,0.00162578,0.00162578
191,309.829,0.75405,1.19825,0.11895,0.52157,0.88476,0.99624,1,0.995,0.78013,0.95293,0.95652,0.96337,0.78316,0.88705,0.97005,0.02124,0.50034,0.90845,0.0016238,0.0016238,0.0016238
192,311.372,0.78881,1.20431,0.15721,0.55023,0.90063,0.99577,1,0.995,0.74928,0.95247,0.95652,0.94353,0.78466,0.93192,0.94281,0.02145,0.53537,0.90009,0.00162182,0.00162182,0.00162182
193,312.923,0.80817,1.15283,0.13303,0.53388,0.91608,0.99702,1,0.995,0.71153,0.95361,0.95652,0.9494,0.76333,0.99021,0.98975,0.01992,0.52179,0.92986,0.00161984,0.00161984,0.00161984
194,314.453,0.91073,1.14854,0.15603,0.57896,0.94398,0.99558,1,0.995,0.74837,0.99558,1,0.995,0.78333,0.92704,0.95023,0.02086,0.557,0.91872,0.00161786,0.00161786,0.00161786
195,315.977,0.82812,1.11384,0.13293,0.52507,0.92796,0.9926,1,0.995,0.75191,0.94926,0.95652,0.95952,0.76747,0.92959,0.97998,0.01974,0.54039,0.91658,0.00161588,0.00161588,0.00161588
196,317.491,0.87826,1.14202,0.14913,0.57323,0.92735,0.99168,1,0.995,0.72719,0.99168,1,0.995,0.76792,0.9612,0.94533,0.01869,0.57694,0.92833,0.0016139,0.0016139,0.0016139
197,319.119,0.81866,1.31028,0.16685,0.54468,0.91423,0.99583,1,0.995,0.7646,0.99583,1,0.995,0.74111,0.84397,0.91832,0.02009,0.54475,0.88986,0.00161192,0.00161192,0.00161192
198,320.624,0.78106,1.18225,0.13649,0.55171,0.9184,0.99594,1,0.995,0.78063,0.99594,1,0.995,0.77111,0.83359,0.98163,0.02144,0.52314,0.89782,0.00160994,0.00160994,0.00160994
199,322.108,0.85782,1.22563,0.16453,0.5554,0.9169,0.99611,1,0.995,0.7663,0.99611,1,0.995,0.76895,0.84664,0.99868,0.02285,0.50735,0.91063,0.00160796,0.00160796,0.00160796
200,323.673,0.85827,1.13498,0.08431,0.55728,0.89233,0.99651,1,0.995,0.7606,0.99651,1,0.995,0.79015,0.92235,0.89921,0.02261,0.52404,0.90391,0.00160598,0.00160598,0.00160598
201,325.17,0.80033,1.06853,0.12478,0.53131,0.88742,0.99562,1,0.995,0.801,0.99562,1,0.995,0.76368,0.83253,0.9303,0.02016,0.51967,0.88258,0.001604,0.001604,0.001604
202,326.786,0.86845,1.15506,0.14645,0.54919,0.90232,0.98962,1,0.995,0.78788,0.98962,1,0.995,0.79489,0.86891,0.9674,0.0224,0.62652,0.88916,0.00160202,0.00160202,0.00160202
203,328.332,0.83149,1.11589,0.18469,0.57279,0.92584,0.92918,1,0.995,0.81826,0.92918,1,0.995,0.79203,0.79441,0.85849,0.02133,0.54795,0.88334,0.00160004,0.00160004,0.00160004
204,329.908,0.83471,1.07755,0.15832,0.53574,0.90317,0.97749,1,0.995,0.8005,0.97749,1,0.995,0.76469,0.89601,0.94586,0.01971,0.55469,0.91004,0.00159806,0.00159806,0.00159806
205,331.485,0.79051,1.10403,0.14768,0.5387,0.90655,0.99562,1,0.995,0.78935,0.99562,1,0.995,0.80293,0.81115,0.91077,0.0231,0.48764,0.88677,0.00159608,0.00159608,0.00159608
206,333.165,0.84327,1.02757,0.09133,0.52899,0.89666,0.99541,1,0.995,0.7826,0.99541,1,0.995,0.79065,0.82852,0.91549,0.02541,0.5152,0.88963,0.0015941,0.0015941,0.0015941
207,334.708,0.80497,1.01633,0.10828,0.50543,0.90959,0.99458,1,0.995,0.77703,0.99458,1,0.995,0.78357,0.9005,0.91195,0.02568,0.57374,0.90354,0.00159212,0.00159212,0.00159212
208,336.233,0.78691,1.05474,0.14948,0.52099,0.90229,0.99356,1,0.995,0.76612,0.99356,1,0.995,0.79708,0.85907,0.84005,0.02385,0.54403,0.89219,0.00159014,0.00159014,0.00159014
209,337.771,0.77198,1.02,0.10156,0.49773,0.88154,0.99681,1,0.995,0.79174,0.99681,1,0.995,0.81225,0.79105,0.89087,0.02229,0.48684,0.87721,0.00158816,0.00158816,0.00158816
210,339.327,0.7672,1.0508,0.11431,0.53156,0.90509,0.99715,1,0.995,0.81183,0.95373,0.95652,0.96426,0.80147,0.83246,0.88037,0.02112,0.4811,0.88735,0.00158618,0.00158618,0.00158618
211,340.862,0.80621,1.14036,0.1188,0.54738,0.89351,0.99663,1,0.995,0.78483,0.95329,0.95652,0.96318,0.78093,0.88011,0.9175,0.0204,0.50713,0.90131,0.0015842,0.0015842,0.0015842
212,342.371,0.79003,0.95161,0.13392,0.52314,0.89005,0.99622,1,0.995,0.77789,0.95281,0.95652,0.95633,0.75908,0.83807,0.91736,0.01923,0.50635,0.88536,0.00158222,0.00158222,0.00158222
213,343.895,0.80701,1.07699,0.14754,0.4997,0.89334,0.99479,1,0.995,0.80467,0.9514,0.95652,0.95807,0.78002,0.851,0.93656,0.01988,0.5079,0.90316,0.00158024,0.00158024,0.00158024
214,345.483,0.81,1.11644,0.18872,0.5153,0.90711,0.99452,1,0.995,0.81483,0.95128,0.95652,0.95908,0.78011,0.7922,0.98501,0.01922,0.47519,0.88695,0.00157826,0.00157826,0.00157826
215,347.061,0.79664,1.28858,0.21162,0.51756,0.92907,0.99442,1,0.995,0.82651,0.95107,0.95652,0.96281,0.80251,0.75266,0.9304,0.01702,0.47727,0.86879,0.00157628,0.00157628,0.00157628
216,348.573,0.76201,1.1021,0.14534,0.50085,0.91695,0.99685,1,0.995,0.8452,0.99685,1,0.995,0.80209,0.74933,0.84839,0.01932,0.48204,0.86539,0.0015743,0.0015743,0.0015743
217,350.132,0.75109,1.00007,0.13103,0.49628,0.88297,0.99702,1,0.995,0.79099,0.99702,1,0.995,0.79924,0.86107,0.94233,0.02032,0.51877,0.88843,0.00157232,0.00157232,0.00157232
218,351.696,0.81148,0.94559,0.1236,0.50934,0.90899,0.99478,1,0.995,0.79582,0.99478,1,0.995,0.78841,0.83579,0.94882,0.02239,0.49756,0.88787,0.00157034,0.00157034,0.00157034
219,353.257,0.85766,1.1772,0.12659,0.52564,0.90827,0.99473,1,0.995,0.75524,0.99473,1,0.995,0.79234,0.89718,0.91374,0.02045,0.50631,0.88187,0.00156836,0.00156836,0.00156836
220,354.815,0.82031,1.03513,0.08976,0.52348,0.90285,0.99588,1,0.995,0.7742,0.99588,1,0.995,0.80568,0.87116,0.8828,0.0197,0.5329,0.88717,0.00156638,0.00156638,0.00156638
221,356.456,0.81847,1.15443,0.11614,0.56149,0.925,0.99585,1,0.995,0.78559,0.99585,1,0.995,0.79294,0.84862,0.88545,0.02195,0.55145,0.88774,0.0015644,0.0015644,0.0015644
222,358.053,0.80316,1.16091,0.21625,0.52873,0.89139,0.99599,1,0.995,0.77237,0.99599,1,0.995,0.78361,0.84233,1.02324,0.02219,0.5019,0.88992,0.00156242,0.00156242,0.00156242
223,359.655,0.75583,1.18365,0.10467,0.51248,0.89814,0.99719,1,0.995,0.76418,0.99719,1,0.995,0.77647,0.899,1.03704,0.02071,0.52149,0.90593,0.00156044,0.00156044,0.00156044
224,361.255,0.7974,1.06521,0.11336,0.51859,0.88115,0.99687,1,0.995,0.78207,0.99687,1,0.995,0.78267,0.84581,0.92354,0.01957,0.51135,0.89082,0.00155846,0.00155846,0.00155846
225,362.804,0.8779,1.181,0.14021,0.5283,0.89191,0.99671,1,0.995,0.79872,0.99671,1,0.995,0.78196,0.80745,0.94746,0.02037,0.4896,0.87702,0.00155648,0.00155648,0.00155648
226,364.327,0.81333,1.22296,0.1384,0.52115,0.90561,0.9959,1,0.995,0.81281,0.9959,1,0.995,0.78748,0.82651,0.89336,0.0225,0.5044,0.87639,0.0015545,0.0015545,0.0015545
227,365.93,0.81853,1.24224,0.15383,0.51899,0.89784,0.99678,1,0.995,0.77724,0.99678,1,0.995,0.79438,0.88942,0.85857,0.02017,0.48631,0.89596,0.00155252,0.00155252,0.00155252
228,367.562,0.82139,1.35094,0.16851,0.50611,0.89206,0.99711,1,0.995,0.76318,0.99711,1,0.995,0.76595,0.93078,0.90153,0.01937,0.5072,0.8963,0.00155054,0.00155054,0.00155054
229,369.09,0.72346,1.04262,0.10818,0.49694,0.86354,1,0.99889,0.995,0.72278,1,0.99889,0.995,0.70889,1.00881,1.03021,0.01647,0.52686,0.9144,0.00154856,0.00154856,0.00154856
230,370.648,0.81546,1.22638,0.19549,0.49545,0.91431,0.99834,1,0.995,0.76028,0.99834,1,0.995,0.77171,0.93925,1.05037,0.01587,0.5129,0.89048,0.00154658,0.00154658,0.00154658
231,372.225,0.75476,1.03573,0.09636,0.48777,0.89955,0.99723,1,0.995,0.8063,0.99723,1,0.995,0.79015,0.85765,0.89011,0.01671,0.48189,0.88172,0.0015446,0.0015446,0.0015446
232,373.786,0.79894,1.22188,0.14174,0.50686,0.87877,0.99688,1,0.995,0.80814,0.99688,1,0.995,0.80176,0.78176,0.84095,0.01883,0.45518,0.87092,0.00154262,0.00154262,0.00154262
233,375.301,0.748,1.1897,0.12394,0.49932,0.85708,0.99708,1,0.995,0.81733,0.955,0.95652,0.96554,0.80351,0.81373,0.85156,0.02082,0.48235,0.87912,0.00154064,0.00154064,0.00154064
234,376.858,0.78058,1.10691,0.15742,0.50588,0.89234,0.99699,1,0.995,0.80704,0.99699,1,0.995,0.84086,0.81347,0.82969,0.02484,0.4961,0.87552,0.00153866,0.00153866,0.00153866
235,378.526,0.76866,1.03813,0.12916,0.49175,0.88673,0.99717,1,0.995,0.80483,0.99717,1,0.995,0.80497,0.78095,0.8854,0.02368,0.46865,0.87042,0.00153668,0.00153668,0.00153668
236,380.091,0.76196,1.01613,0.11255,0.48948,0.88572,0.99695,1,0.995,0.82273,0.95413,0.95652,0.96244,0.8106,0.82614,0.85693,0.0217,0.49654,0.87764,0.0015347,0.0015347,0.0015347
237,381.655,0.84263,1.17271,0.15659,0.50513,0.88627,0.99592,1,0.995,0.80087,0.95829,0.95652,0.96056,0.8182,0.83753,0.8369,0.02016,0.5202,0.88186,0.00153272,0.00153272,0.00153272
238,383.189,0.81909,1.08513,0.18093,0.50679,0.90458,0.99568,1,0.995,0.79122,0.97754,0.95652,0.95948,0.8228,0.82942,0.92969,0.02053,0.5398,0.88338,0.00153074,0.00153074,0.00153074
239,384.743,0.73646,0.87915,0.05528,0.51105,0.8917,0.9955,1,0.995,0.82863,0.95588,0.95652,0.96223,0.80312,0.75696,0.96813,0.02002,0.49363,0.86968,0.00152876,0.00152876,0.00152876
240,386.264,0.74403,1.08247,0.10141,0.49685,0.88294,0.99693,1,0.995,0.79847,0.95359,0.95652,0.96359,0.79611,0.85125,0.94307,0.02057,0.51199,0.8826,0.00152678,0.00152678,0.00152678
241,387.78,0.83023,1.05425,0.18846,0.49299,0.8905,0.99691,1,0.995,0.78789,0.95357,0.95652,0.96059,0.79595,0.85208,0.91471,0.02436,0.5046,0.8945,0.0015248,0.0015248,0.0015248
242,389.399,0.76392,1.09773,0.14659,0.50783,0.89912,0.99623,1,0.995,0.79679,0.95291,0.95652,0.95213,0.79183,0.78305,0.88345,0.0222,0.49119,0.87514,0.00152282,0.00152282,0.00152282
243,391.074,0.87763,1.20575,0.11343,0.53582,0.912,0.99562,1,0.995,0.7737,0.99562,1,0.995,0.78207,0.85921,0.86017,0.01933,0.48683,0.89408,0.00152084,0.00152084,0.00152084
244,392.634,0.76806,1.10791,0.15597,0.51407,0.91184,0.99658,1,0.995,0.78837,0.99658,1,0.995,0.76093,0.80886,0.9022,0.01884,0.48083,0.88541,0.00151886,0.00151886,0.00151886
245,394.142,0.8088,1.05307,0.1242,0.48713,0.90175,0.99703,1,0.995,0.77501,0.95368,0.95652,0.95615,0.77135,0.82986,0.96827,0.02055,0.46808,0.88656,0.00151688,0.00151688,0.00151688
246,395.664,0.81774,1.0311,0.23202,0.51606,0.92133,0.99644,1,0.995,0.81653,0.99644,1,0.995,0.77551,0.79933,0.89221,0.02123,0.45747,0.87703,0.0015149,0.0015149,0.0015149
247,397.167,0.78829,0.94745,0.1848,0.50455,0.8923,0.99194,1,0.995,0.80803,0.99194,1,0.995,0.7752,0.77519,0.9322,0.02291,0.51124,0.87475,0.00151292,0.00151292,0.00151292
248,398.685,0.76049,1.12709,0.13009,0.48308,0.87278,0.99351,1,0.995,0.79767,0.99351,1,0.995,0.77615,0.79842,0.96323,0.02318,0.48992,0.88342,0.00151094,0.00151094,0.00151094
249,400.228,0.81096,1.1104,0.13811,0.50778,0.90329,0.99498,1,0.995,0.8071,0.99498,1,0.995,0.79179,0.75993,0.8973,0.02267,0.46923,0.88381,0.00150896,0.00150896,0.00150896
250,401.725,0.6844,0.89747,0.0901,0.45678,0.86127,0.99623,1,0.995,0.80082,0.95417,0.95652,0.96157,0.80438,0.77431,0.89366,0.01987,0.47185,0.8702,0.00150698,0.00150698,0.00150698
251,403.354,0.72642,0.84645,0.06115,0.46491,0.8478,0.99646,1,0.995,0.8165,0.95442,0.95652,0.96062,0.77703,0.74741,0.94779,0.01664,0.43713,0.85925,0.001505,0.001505,0.001505
252,404.872,0.73994,1.06556,0.15683,0.49445,0.88057,0.99666,1,0.995,0.78727,0.95566,0.95652,0.96291,0.81583,0.7774,0.91328,0.01776,0.4754,0.8623,0.00150302,0.00150302,0.00150302
253,406.389,0.75718,0.98232,0.16865,0.50078,0.89601,0.99695,1,0.995,0.79715,0.99695,1,0.995,0.80572,0.75947,0.88186,0.0165,0.47588,0.86369,0.00150104,0.00150104,0.00150104
254,407.942,0.76916,1.02139,0.18297,0.49745,0.89907,0.99618,1,0.995,0.83949,0.99618,1,0.995,0.80282,0.73005,0.86726,0.01612,0.45761,0.85763,0.00149906,0.00149906,0.00149906
255,409.492,0.74168,1.24452,0.15565,0.48875,0.86624,0.99481,1,0.995,0.82122,0.99481,1,0.995,0.84258,0.76757,0.7535,0.01709,0.47915,0.85488,0.00149708,0.00149708,0.00149708
256,411.008,0.77379,1.12059,0.13942,0.49623,0.92291,0.99521,1,0.995,0.82019,0.99521,1,0.995,0.84323,0.7256,0.75291,0.01654,0.46814,0.84767,0.0014951,0.0014951,0.0014951
257,412.515,0.75685,1.05287,0.12398,0.48364,0.90404,0.99716,1,0.995,0.79994,0.99716,1,0.995,0.829,0.77756,0.76628,0.01817,0.49713,0.86127,0.00149312,0.00149312,0.00149312
258,414.101,0.6859,0.9116,0.1013,0.45685,0.89551,0.99678,1,0.995,0.82746,0.99678,1,0.995,0.81017,0.72803,0.80969,0.01765,0.4596,0.86324,0.00149114,0.00149114,0.00149114
259,415.617,0.75853,1.11216,0.18018,0.47591,0.88485,0.99718,1,0.995,0.83538,0.99718,1,0.995,0.82911,0.78159,0.80292,0.01988,0.46238,0.87668,0.00148916,0.00148916,0.00148916
260,417.165,0.70611,1.00523,0.13024,0.46618,0.87688,0.99729,1,0.995,0.85006,0.99729,1,0.995,0.80037,0.79222,0.85427,0.0212,0.48376,0.88431,0.00148718,0.00148718,0.00148718
261,418.721,0.74783,1.06159,0.14947,0.46119,0.90465,0.99736,1,0.995,0.82186,0.99736,1,0.995,0.78206,0.80784,0.90618,0.02178,0.46205,0.89024,0.0014852,0.0014852,0.0014852
262,420.284,0.69035,1.29595,0.15769,0.44421,0.89541,0.99713,1,0.995,0.81497,0.95378,0.95652,0.94951,0.77878,0.79694,0.96798,0.02278,0.44116,0.88173,0.00148322,0.00148322,0.00148322
263,421.848,0.77163,1.19208,0.15723,0.46421,0.90098,0.99693,1,0.995,0.80284,0.95358,0.95652,0.9494,0.78159,0.84043,0.93193,0.02042,0.46314,0.88391,0.00148124,0.00148124,0.00148124
264,423.386,0.80698,1.11392,0.17377,0.48578,0.90892,0.99709,1,0.995,0.80742,0.99709,1,0.995,0.78518,0.73874,0.90109,0.02113,0.45385,0.86603,0.00147926,0.00147926,0.00147926
265,424.989,0.86927,1.18235,0.12868,0.51852,0.89826,0.99693,1,0.995,0.78608,0.99693,1,0.995,0.79692,0.81393,0.84788,0.02179,0.49232,0.88108,0.00147728,0.00147728,0.00147728
266,426.523,0.78089,0.96014,0.15848,0.4905,0.90922,0.99685,1,0.995,0.74754,0.99685,1,0.995,0.78747,0.90012,0.86055,0.02141,0.49656,0.91839,0.0014753,0.0014753,0.0014753
267,428.045,0.81168,1.18857,0.14528,0.4714,0.88015,0.9965,1,0.995,0.78662,0.9965,1,0.995,0.79366,0.76886,0.8473,0.02105,0.49379,0.87516,0.00147332,0.00147332,0.00147332
268,429.599,0.85524,1.03263,0.18197,0.50479,0.88658,0.9956,1,0.995,0.78717,0.9956,1,0.995,0.7964,0.81078,0.89626,0.0202,0.4912,0.87069,0.00147134,0.00147134,0.00147134
269,431.12,0.77253,1.25222,0.16632,0.48471,0.84765,0.9952,1,0.995,0.79396,0.9952,1,0.995,0.79392,0.81696,0.95747,0.01736,0.43459,0.88014,0.00146936,0.00146936,0.00146936
270,432.679,0.75239,0.91439,0.18054,0.48675,0.87726,0.99642,1,0.995,0.75699,0.99642,1,0.995,0.82384,0.96071,0.85549,0.0171,0.49818,0.90359,0.00146738,0.00146738,0.00146738
271,434.216,0.74359,0.96454,0.12113,0.47533,0.89979,0.99447,1,0.995,0.77348,0.99447,1,0.995,0.80413,0.85263,0.85959,0.01773,0.45961,0.88475,0.0014654,0.0014654,0.0014654
272,435.769,0.70718,0.98391,0.14,0.46592,0.87335,0.99715,1,0.995,0.79431,0.99715,1,0.995,0.75807,0.83981,0.98139,0.01822,0.47359,0.87923,0.00146342,0.00146342,0.00146342
273,437.38,0.79226,1.08514,0.10879,0.47335,0.86979,0.99698,1,0.995,0.84258,0.95363,0.95652,0.96506,0.8005,0.75101,0.95314,0.02098,0.4394,0.86564,0.00146144,0.00146144,0.00146144
274,438.919,0.70863,0.9984,0.11844,0.45833,0.8625,0.99701,1,0.995,0.80513,0.95366,0.95652,0.96741,0.79427,0.82122,1.00816,0.0228,0.479,0.87772,0.00145946,0.00145946,0.00145946
275,440.504,0.71575,0.94373,0.17176,0.45609,0.87771,0.99692,1,0.995,0.7913,0.99692,1,0.995,0.82557,0.83822,0.88957,0.02241,0.48054,0.87404,0.00145748,0.00145748,0.00145748
276,442.022,0.73368,0.93408,0.08896,0.4738,0.8855,0.99635,1,0.995,0.77536,0.99635,1,0.995,0.82399,0.82845,0.84048,0.02201,0.48246,0.87392,0.0014555,0.0014555,0.0014555
277,443.555,0.71949,0.78563,0.08525,0.45827,0.86081,0.99523,1,0.995,0.79183,0.99523,1,0.995,0.80338,0.75968,0.84354,0.02197,0.46644,0.85887,0.00145352,0.00145352,0.00145352
278,445.081,0.71611,0.9027,0.13323,0.44473,0.87264,0.9946,1,0.995,0.82975,0.9946,1,0.995,0.82308,0.75717,0.8053,0.02006,0.46748,0.85339,0.00145154,0.00145154,0.00145154
279,446.643,0.76829,0.98257,0.16159,0.46506,0.87718,0.99754,1,0.995,0.83249,0.99754,1,0.995,0.8254,0.79327,0.79502,0.01915,0.48088,0.86104,0.00144956,0.00144956,0.00144956
280,448.317,0.80863,1.07947,0.12024,0.49774,0.89403,0.99747,1,0.995,0.81172,0.99747,1,0.995,0.82065,0.7807,0.77631,0.01977,0.4676,0.86666,0.00144758,0.00144758,0.00144758
281,449.877,0.70856,0.80351,0.09076,0.4461,0.87039,0.99099,1,0.995,0.8027,0.99099,1,0.995,0.80671,0.786,0.8608,0.02102,0.45287,0.87215,0.0014456,0.0014456,0.0014456
282,451.487,0.73883,0.9456,0.13025,0.47129,0.87752,0.99295,1,0.995,0.80177,0.99295,1,0.995,0.80244,0.82048,0.8406,0.02141,0.45891,0.88576,0.00144362,0.00144362,0.00144362
283,453.008,0.69867,0.95639,0.13978,0.4649,0.87261,0.99652,1,0.995,0.79847,0.97974,0.95652,0.96624,0.82008,0.79858,0.84406,0.0213,0.45658,0.87528,0.00144164,0.00144164,0.00144164
284,454.537,0.71772,0.87679,0.11582,0.45175,0.87475,0.99665,1,0.995,0.81774,0.96468,0.95652,0.96554,0.79421,0.75308,0.87795,0.01973,0.47402,0.86174,0.00143966,0.00143966,0.00143966
285,456.063,0.71519,0.80617,0.11516,0.4534,0.85372,0.99741,1,0.995,0.82964,0.95644,0.95652,0.96512,0.82502,0.72662,0.85129,0.02002,0.47644,0.85372,0.00143768,0.00143768,0.00143768
286,457.615,0.72718,0.96413,0.24058,0.46188,0.8899,0.99735,1,0.995,0.8381,0.95525,0.95652,0.9633,0.82296,0.76597,0.85052,0.01973,0.48493,0.8614,0.0014357,0.0014357,0.0014357
287,459.189,0.72596,0.88848,0.15468,0.49606,0.87041,0.99692,1,0.995,0.83517,0.95576,0.95652,0.9642,0.82877,0.745,0.85811,0.01805,0.4703,0.86317,0.00143372,0.00143372,0.00143372
288,460.8,0.70266,0.88063,0.13911,0.45397,0.85795,0.99706,1,0.995,0.81254,0.95623,0.95652,0.96512,0.8284,0.72612,0.83936,0.01676,0.4526,0.85407,0.00143174,0.00143174,0.00143174
289,462.335,0.84016,0.97608,0.19593,0.50171,0.90136,0.99713,1,0.995,0.79852,0.99713,1,0.995,0.82742,0.8008,0.81138,0.01663,0.46393,0.86642,0.00142976,0.00142976,0.00142976
290,463.918,0.73128,0.87352,0.08082,0.48325,0.86378,0.99708,1,0.995,0.81306,0.99708,1,0.995,0.81093,0.76405,0.8379,0.01725,0.44986,0.85964,0.00142778,0.00142778,0.00142778
291,465.429,0.70159,0.99929,0.14184,0.45674,0.86615,0.99729,1,0.995,0.79032,0.95393,0.95652,0.95841,0.81563,0.84599,0.81433,0.02004,0.478,0.88076,0.0014258,0.0014258,0.0014258
292,466.947,0.73768,0.92375,0.14012,0.44747,0.88097,0.99742,1,0.995,0.82783,0.95406,0.95652,0.96468,0.80564,0.79629,0.88881,0.02032,0.48041,0.87182,0.00142382,0.00142382,0.00142382
293,468.508,0.69541,0.95068,0.1325,0.45802,0.88179,0.99747,1,0.995,0.80106,0.99747,1,0.995,0.82223,0.84127,0.86971,0.01797,0.47029,0.87669,0.00142184,0.00142184,0.00142184
294,470.003,0.75416,0.92637,0.09828,0.4856,0.87382,0.99573,1,0.995,0.79876,0.99573,1,0.995,0.82105,0.84472,0.80949,0.01862,0.4756,0.87408,0.00141986,0.00141986,0.00141986
295,471.557,0.72701,1.03824,0.15814,0.47492,0.87782,0.99553,1,0.995,0.81229,0.99553,1,0.995,0.8104,0.7416,0.79841,0.02055,0.45538,0.86209,0.00141788,0.00141788,0.00141788
296,473.2,0.72986,0.82809,0.0796,0.46728,0.85893,0.99707,1,0.995,0.81146,0.99707,1,0.995,0.79385,0.793,0.89536,0.02011,0.45708,0.87927,0.0014159,0.0014159,0.0014159
297,474.743,0.70475,1.01962,0.14311,0.4586,0.8673,0.99742,1,0.995,0.80426,0.97277,0.95652,0.96492,0.79881,0.82608,0.8973,0.02126,0.47679,0.87408,0.00141392,0.00141392,0.00141392
298,476.295,0.76037,0.96643,0.15184,0.46214,0.88877,0.99734,1,0.995,0.81351,0.96645,0.95652,0.95936,0.79874,0.76139,0.88242,0.02022,0.50296,0.8623,0.00141194,0.00141194,0.00141194
299,477.834,0.79257,0.86941,0.16291,0.4684,0.89909,0.9963,1,0.995,0.78587,0.95386,0.95652,0.95826,0.78997,0.86993,0.96078,0.0204,0.52228,0.89096,0.00140996,0.00140996,0.00140996
300,479.419,0.75725,1.02975,0.14806,0.46634,0.88043,0.99604,1,0.995,0.79038,0.95443,0.95652,0.95915,0.8036,0.8128,0.91133,0.02275,0.47914,0.87635,0.00140798,0.00140798,0.00140798
301,481.018,0.68387,0.92646,0.1432,0.44524,0.8687,0.99736,1,0.995,0.83448,0.95605,0.95652,0.96044,0.80748,0.72497,0.90543,0.02163,0.44147,0.85917,0.001406,0.001406,0.001406
302,482.531,0.71713,1.0384,0.1209,0.44442,0.88723,0.99738,1,0.995,0.82824,0.95646,0.95652,0.96233,0.80523,0.74605,0.87672,0.0187,0.44336,0.85575,0.00140402,0.00140402,0.00140402
303,484.084,0.70014,1.01081,0.13764,0.44697,0.87147,0.9972,1,0.995,0.82779,0.9972,1,0.995,0.83792,0.72215,0.81368,0.01875,0.47372,0.85643,0.00140204,0.00140204,0.00140204
304,485.743,0.72743,1.20733,0.19828,0.47016,0.89165,0.99719,1,0.995,0.8244,0.99719,1,0.995,0.80512,0.75197,0.79866,0.01902,0.46433,0.8623,0.00140006,0.00140006,0.00140006
305,487.31,0.72829,0.93234,0.16745,0.44475,0.87831,0.99615,1,0.995,0.81994,0.99615,1,0.995,0.82156,0.75376,0.80943,0.01983,0.4551,0.85966,0.00139808,0.00139808,0.00139808
306,488.862,0.66919,0.78732,0.10618,0.42692,0.87086,0.99744,1,0.995,0.82426,0.99744,1,0.995,0.80196,0.78925,0.7797,0.02,0.48428,0.86173,0.0013961,0.0013961,0.0013961
307,490.417,0.6522,0.75738,0.06123,0.44787,0.84947,0.99739,1,0.995,0.81471,0.99739,1,0.995,0.79583,0.80883,0.84138,0.02165,0.46119,0.87244,0.00139412,0.00139412,0.00139412
308,491.935,0.69204,0.96122,0.13179,0.45475,0.88165,0.99717,1,0.995,0.81274,0.99717,1,0.995,0.79509,0.78137,0.85163,0.02101,0.45636,0.86726,0.00139214,0.00139214,0.00139214
309,493.472,0.71652,0.91715,0.19436,0.45774,0.86688,0.9965,1,0.995,0.77824,0.9965,1,0.995,0.76303,0.80325,0.84441,0.01701,0.49793,0.87815,0.00139016,0.00139016,0.00139016
310,494.988,0.71932,0.91597,0.14369,0.4676,0.87205,0.99678,1,0.995,0.79645,0.99678,1,0.995,0.78683,0.82371,0.84858,0.01656,0.48324,0.87708,0.00138818,0.00138818,0.00138818
311,496.538,0.66527,0.92419,0.19061,0.42724,0.8807,0.99701,1,0.995,0.78884,0.99701,1,0.995,0.81725,0.80753,0.82121,0.01798,0.47675,0.88116,0.0013862,0.0013862,0.0013862
312,498.164,0.73101,1.06736,0.11361,0.45563,0.88922,0.99667,1,0.995,0.79636,0.95581,0.95652,0.96233,0.81637,0.81347,0.79609,0.01811,0.44789,0.88235,0.00138422,0.00138422,0.00138422
313,499.707,0.69459,0.94186,0.12144,0.43406,0.86796,0.99654,1,0.995,0.81549,0.95592,0.95652,0.96291,0.82275,0.69917,0.76592,0.01904,0.42525,0.85331,0.00138224,0.00138224,0.00138224
314,501.234,0.72158,1.01755,0.21091,0.45037,0.88718,0.99767,1,0.995,0.84954,0.99767,1,0.995,0.79418,0.70051,0.84022,0.02053,0.45761,0.85212,0.00138026,0.00138026,0.00138026
315,502.775,0.61284,0.94346,0.07662,0.43029,0.86744,0.99772,1,0.995,0.84053,0.98677,0.95652,0.97033,0.8058,0.73611,0.84843,0.02138,0.45899,0.86199,0.00137828,0.00137828,0.00137828
316,504.312,0.68463,0.98486,0.17364,0.43857,0.88133,0.9975,1,0.995,0.83504,0.96429,0.95652,0.96906,0.82585,0.73311,0.81272,0.02223,0.4351,0.85759,0.0013763,0.0013763,0.0013763
317,505.876,0.63342,0.91786,0.17391,0.42397,0.86992,0.99683,1,0.995,0.84631,0.99683,1,0.995,0.82876,0.69122,0.79018,0.02034,0.42204,0.85474,0.00137432,0.00137432,0.00137432
318,507.415,0.6502,0.91074,0.14393,0.42604,0.87999,0.99734,1,0.995,0.8169,0.99734,1,0.995,0.81413,0.73106,0.7603,0.01807,0.4511,0.85474,0.00137234,0.00137234,0.00137234
319,508.985,0.69094,0.80726,0.11885,0.44897,0.86687,0.99736,1,0.995,0.82191,0.99736,1,0.995,0.82259,0.73635,0.71868,0.01647,0.4535,0.85164,0.00137036,0.00137036,0.00137036
320,510.685,0.67495,0.84706,0.12719,0.43025,0.84872,0.9972,1,0.995,0.81998,0.9972,1,0.995,0.83074,0.68184,0.71052,0.01618,0.4337,0.84429,0.00136838,0.00136838,0.00136838
321,512.201,0.67149,0.91382,0.12405,0.42539,0.86685,0.99738,1,0.995,0.81663,0.99738,1,0.995,0.84142,0.72404,0.75155,0.01723,0.42991,0.85515,0.0013664,0.0013664,0.0013664
322,513.744,0.6776,0.82942,0.08816,0.43029,0.8497,0.99755,1,0.995,0.86099,0.99755,1,0.995,0.833,0.68103,0.83253,0.01877,0.41538,0.84654,0.00136442,0.00136442,0.00136442
323,515.264,0.66853,0.95395,0.1614,0.44037,0.89542,0.99634,1,0.995,0.83134,0.99634,1,0.995,0.80549,0.71259,0.85377,0.01844,0.42418,0.84993,0.00136244,0.00136244,0.00136244
324,516.835,0.66564,0.95359,0.10656,0.45787,0.85418,0.9963,1,0.995,0.80349,0.9963,1,0.995,0.78065,0.7828,0.95534,0.0166,0.47102,0.86921,0.00136046,0.00136046,0.00136046
325,518.382,0.6638,0.89867,0.12643,0.46456,0.85587,0.99715,1,0.995,0.82963,0.99715,1,0.995,0.78249,0.7208,0.91819,0.01862,0.47217,0.85164,0.00135848,0.00135848,0.00135848
326,519.938,0.65722,0.90308,0.11268,0.42229,0.88552,0.9962,1,0.995,0.83559,0.9962,1,0.995,0.79271,0.72241,0.92981,0.019,0.44085,0.84844,0.0013565,0.0013565,0.0013565
327,521.62,0.65973,0.81238,0.12977,0.42459,0.84352,0.99707,1,0.995,0.84648,0.99707,1,0.995,0.80671,0.68206,0.94373,0.01877,0.4256,0.84419,0.00135452,0.00135452,0.00135452
328,523.191,0.65986,0.97988,0.09441,0.45394,0.88485,0.99764,1,0.995,0.82052,0.99764,1,0.995,0.81647,0.77773,0.88518,0.02013,0.41878,0.85219,0.00135254,0.00135254,0.00135254
329,524.763,0.64596,0.95658,0.1084,0.42731,0.8653,0.99752,1,0.995,0.82606,0.99752,1,0.995,0.79935,0.72852,0.88621,0.01911,0.40177,0.85809,0.00135056,0.00135056,0.00135056
330,526.316,0.72794,0.8793,0.16441,0.44168,0.88903,0.99709,1,0.995,0.80491,0.99709,1,0.995,0.80971,0.76517,0.90621,0.02034,0.4507,0.86169,0.00134858,0.00134858,0.00134858
331,527.914,0.70187,0.86297,0.12429,0.43116,0.86545,0.99725,1,0.995,0.79712,0.95601,0.95652,0.96343,0.78994,0.80478,0.92924,0.02111,0.47922,0.87162,0.0013466,0.0013466,0.0013466
332,529.477,0.70815,0.95733,0.10562,0.43971,0.86383,0.99728,1,0.995,0.8272,0.9549,0.95652,0.96404,0.78927,0.73938,0.95342,0.02127,0.43697,0.86333,0.00134462,0.00134462,0.00134462
333,530.996,0.66567,0.79572,0.12774,0.42243,0.87002,0.99738,1,0.995,0.81787,0.95447,0.95652,0.96577,0.76523,0.74574,0.96082,0.02305,0.44146,0.86782,0.00134264,0.00134264,0.00134264
334,532.556,0.68978,0.8424,0.15601,0.4284,0.86782,0.99733,1,0.995,0.82199,0.95597,0.95652,0.96832,0.80372,0.76383,0.89241,0.02115,0.46501,0.86552,0.00134066,0.00134066,0.00134066
335,534.163,0.67118,0.80242,0.17489,0.42547,0.87169,0.99726,1,0.995,0.8004,0.9539,0.95652,0.96859,0.8058,0.75366,0.89894,0.01689,0.45416,0.86071,0.00133868,0.00133868,0.00133868
336,535.706,0.75628,0.81938,0.0972,0.44422,0.85258,0.99685,1,0.995,0.79623,0.99685,1,0.995,0.79265,0.87688,0.8628,0.01614,0.48959,0.88117,0.0013367,0.0013367,0.0013367
337,537.281,0.71719,0.72042,0.08439,0.44745,0.85355,0.99729,1,0.995,0.78377,0.99729,1,0.995,0.81827,0.90534,0.80472,0.01701,0.47981,0.89023,0.00133472,0.00133472,0.00133472
338,538.871,0.72205,0.86908,0.09714,0.44157,0.86287,0.99732,1,0.995,0.81269,0.99732,1,0.995,0.80113,0.79378,0.79463,0.01639,0.43649,0.86475,0.00133274,0.00133274,0.00133274
339,540.448,0.70334,0.76417,0.15967,0.44209,0.89448,0.99718,1,0.995,0.81291,0.99718,1,0.995,0.79157,0.79119,0.781,0.01653,0.46094,0.87295,0.00133076,0.00133076,0.00133076
340,541.998,0.67151,0.74204,0.1644,0.42622,0.82375,0.99736,1,0.995,0.7977,0.99736,1,0.995,0.81945,0.77641,0.76629,0.01698,0.4439,0.86332,0.00132878,0.00132878,0.00132878
341,543.61,0.63236,0.87765,0.1166,0.41199,0.86136,0.9975,1,0.995,0.84748,0.9975,1,0.995,0.83339,0.70579,0.74426,0.01774,0.41093,0.85392,0.0013268,0.0013268,0.0013268
342,545.249,0.63961,0.79514,0.10396,0.42911,0.86599,0.99746,1,0.995,0.85655,0.99746,1,0.995,0.83609,0.7025,0.72335,0.01728,0.43649,0.852,0.00132482,0.00132482,0.00132482
343,546.792,0.62258,0.71378,0.11254,0.40593,0.84749,0.99732,1,0.995,0.85455,0.99732,1,0.995,0.85853,0.70867,0.70786,0.01619,0.43607,0.85584,0.00132284,0.00132284,0.00132284
344,548.387,0.71358,0.85353,0.08887,0.44186,0.85557,0.99728,1,0.995,0.80972,0.99728,1,0.995,0.83498,0.77485,0.75944,0.01517,0.46011,0.86219,0.00132086,0.00132086,0.00132086
345,549.929,0.74689,0.93267,0.24843,0.46452,0.8901,0.99702,1,0.995,0.80903,0.99702,1,0.995,0.84416,0.76755,0.75649,0.01611,0.43222,0.86489,0.00131888,0.00131888,0.00131888
346,551.479,0.61855,0.84501,0.13167,0.41864,0.86711,0.99632,1,0.995,0.78279,0.99632,1,0.995,0.82173,0.8004,0.80431,0.01657,0.46661,0.87488,0.0013169,0.0013169,0.0013169
347,553.019,0.64313,0.78668,0.11569,0.43132,0.83186,0.99694,1,0.995,0.83082,0.99694,1,0.995,0.83731,0.72581,0.75928,0.01852,0.41264,0.85544,0.00131492,0.00131492,0.00131492
348,554.544,0.69741,0.9208,0.15027,0.4423,0.84645,0.99737,1,0.995,0.83178,0.99737,1,0.995,0.82168,0.74435,0.8159,0.01846,0.43519,0.85974,0.00131294,0.00131294,0.00131294
349,556.09,0.69572,0.84366,0.0778,0.42871,0.8633,0.99731,1,0.995,0.8003,0.95389,0.95652,0.96209,0.80254,0.78383,0.88377,0.01671,0.43705,0.86795,0.00131096,0.00131096,0.00131096
350,557.597,0.75622,1.06449,0.20225,0.4656,0.91377,0.99731,1,0.995,0.78886,0.95389,0.95652,0.96163,0.8121,0.833,0.89795,0.01819,0.44619,0.86532,0.00130898,0.00130898,0.00130898
351,559.272,0.66656,0.90151,0.13318,0.43685,0.87727,0.99731,1,0.995,0.8128,0.95395,0.95652,0.96338,0.83375,0.76059,0.82932,0.01896,0.43242,0.85911,0.001307,0.001307,0.001307
352,560.827,0.64987,0.91839,0.13466,0.4045,0.85229,0.99725,1,0.995,0.80424,0.99725,1,0.995,0.83345,0.77519,0.81351,0.01895,0.42711,0.86021,0.00130502,0.00130502,0.00130502
353,562.386,0.67897,0.8406,0.15163,0.43352,0.86531,0.99704,1,0.995,0.81767,0.95537,0.95652,0.96473,0.84859,0.76647,0.80749,0.01929,0.44109,0.86331,0.00130304,0.00130304,0.00130304
354,563.924,0.66584,0.90492,0.13569,0.41842,0.87637,0.99712,1,0.995,0.80953,0.99712,1,0.995,0.82281,0.7592,0.78297,0.01803,0.44039,0.86263,0.00130106,0.00130106,0.00130106
355,565.511,0.67603,0.96756,0.15413,0.44277,0.87976,0.99722,1,0.995,0.84808,0.99722,1,0.995,0.84583,0.66126,0.76175,0.01819,0.3969,0.84349,0.00129908,0.00129908,0.00129908
356,567.08,0.67415,0.89134,0.15223,0.43286,0.87905,0.99723,1,0.995,0.84488,0.95388,0.95652,0.95172,0.8293,0.66655,0.78293,0.01705,0.39321,0.84678,0.0012971,0.0012971,0.0012971
357,568.706,0.66852,0.84636,0.15065,0.43313,0.88078,0.9971,1,0.995,0.83489,0.95375,0.95652,0.95424,0.84438,0.71292,0.78605,0.01657,0.40866,0.85648,0.00129512,0.00129512,0.00129512
358,570.281,0.65364,0.91036,0.12174,0.40929,0.84379,0.99728,1,0.995,0.82121,0.99728,1,0.995,0.84825,0.75367,0.7922,0.01958,0.41853,0.86369,0.00129314,0.00129314,0.00129314
359,571.966,0.67267,0.77246,0.11257,0.41854,0.86192,0.99739,1,0.995,0.83183,0.95402,0.95652,0.96451,0.83129,0.73206,0.78518,0.02019,0.42785,0.86335,0.00129116,0.00129116,0.00129116
360,573.52,0.67569,0.90136,0.14821,0.4244,0.87537,0.99733,1,0.995,0.84361,0.99733,1,0.995,0.82413,0.737,0.77588,0.01918,0.41439,0.86196,0.00128918,0.00128918,0.00128918
361,575.076,0.67591,0.76895,0.16825,0.43349,0.88921,0.99739,1,0.995,0.82277,0.99739,1,0.995,0.82986,0.73931,0.77865,0.02017,0.43382,0.85296,0.0012872,0.0012872,0.0012872
362,576.667,0.66307,0.77226,0.09789,0.41444,0.86208,0.99749,1,0.995,0.82239,0.99749,1,0.995,0.83017,0.68819,0.79408,0.02072,0.42453,0.84062,0.00128522,0.00128522,0.00128522
363,578.228,0.65272,0.90265,0.11553,0.41141,0.86684,0.99746,1,0.995,0.83457,0.99746,1,0.995,0.8444,0.69014,0.75853,0.02066,0.39653,0.8472,0.00128324,0.00128324,0.00128324
364,579.819,0.67115,0.91374,0.14698,0.42728,0.86418,0.99745,1,0.995,0.85455,0.99745,1,0.995,0.84093,0.6759,0.7305,0.02133,0.42491,0.84511,0.00128126,0.00128126,0.00128126
365,581.381,0.6561,0.76878,0.12149,0.41828,0.86795,0.99738,1,0.995,0.84544,0.99738,1,0.995,0.84193,0.75165,0.73101,0.02203,0.45999,0.86164,0.00127928,0.00127928,0.00127928
366,582.955,0.65846,0.93638,0.14671,0.42394,0.88068,0.99729,1,0.995,0.85415,0.99729,1,0.995,0.83967,0.7326,0.77853,0.02289,0.42821,0.85982,0.0012773,0.0012773,0.0012773
367,584.616,0.68706,0.93872,0.16908,0.42818,0.88617,0.99653,1,0.995,0.83626,0.99653,1,0.995,0.83516,0.78903,0.76292,0.02337,0.46431,0.87448,0.00127532,0.00127532,0.00127532
368,586.247,0.6159,0.82171,0.16157,0.42245,0.84469,0.99649,1,0.995,0.83234,0.99649,1,0.995,0.82668,0.7725,0.71523,0.02099,0.47912,0.86523,0.00127334,0.00127334,0.00127334
369,587.848,0.66931,0.91851,0.167,0.41528,0.87507,0.99649,1,0.995,0.84469,0.99649,1,0.995,0.83209,0.73015,0.70622,0.01972,0.42135,0.84945,0.00127136,0.00127136,0.00127136
370,589.409,0.68346,0.82545,0.14693,0.43953,0.88169,0.99746,1,0.995,0.83847,0.99746,1,0.995,0.86376,0.72653,0.68793,0.01935,0.44286,0.8487,0.00126938,0.00126938,0.00126938
371,590.977,0.69869,0.93173,0.18914,0.42746,0.87888,0.99737,1,0.995,0.83917,0.99737,1,0.995,0.86124,0.74073,0.68748,0.01875,0.4269,0.85695,0.0012674,0.0012674,0.0012674
372,592.563,0.6745,0.87822,0.12436,0.42712,0.8823,0.99729,1,0.995,0.83847,0.99729,1,0.995,0.83871,0.72856,0.70238,0.02048,0.4214,0.85953,0.00126542,0.00126542,0.00126542
373,594.144,0.6414,1.00097,0.18999,0.4273,0.87434,0.9974,1,0.995,0.84413,0.9974,1,0.995,0.85567,0.72991,0.72901,0.02129,0.42896,0.86248,0.00126344,0.00126344,0.00126344
374,595.815,0.69804,0.76327,0.11017,0.4356,0.85554,0.99735,1,0.995,0.8042,0.99735,1,0.995,0.83988,0.82959,0.81104,0.02042,0.46827,0.8772,0.00126146,0.00126146,0.00126146
375,597.38,0.66407,0.86829,0.13402,0.411,0.85334,0.99739,1,0.995,0.83055,0.99739,1,0.995,0.82778,0.76433,0.79322,0.021,0.44405,0.86702,0.00125948,0.00125948,0.00125948
376,598.973,0.60042,0.73908,0.07957,0.38243,0.8652,0.99743,1,0.995,0.80724,0.99743,1,0.995,0.85515,0.78587,0.76696,0.02071,0.42283,0.86854,0.0012575,0.0012575,0.0012575
377,600.585,0.60816,0.78496,0.11389,0.39702,0.85195,0.99746,1,0.995,0.82103,0.99746,1,0.995,0.84984,0.7537,0.73179,0.0217,0.42548,0.85953,0.00125552,0.00125552,0.00125552
378,602.159,0.69519,0.83722,0.16906,0.40999,0.90668,0.99744,1,0.995,0.81808,0.99744,1,0.995,0.85167,0.72006,0.73646,0.02229,0.42271,0.85727,0.00125354,0.00125354,0.00125354
379,603.721,0.69436,0.86387,0.16717,0.42243,0.86917,0.99744,1,0.995,0.84441,0.95407,0.95652,0.96294,0.8501,0.71081,0.74998,0.02305,0.41764,0.85995,0.00125156,0.00125156,0.00125156
380,605.258,0.63853,0.86467,0.14331,0.40346,0.83475,0.99745,1,0.995,0.80597,0.95403,0.95652,0.96624,0.85719,0.77073,0.78286,0.02438,0.43478,0.86485,0.00124958,0.00124958,0.00124958
381,606.992,0.66314,0.92582,0.15759,0.42452,0.87175,0.99744,1,0.995,0.81702,0.95408,0.95652,0.96451,0.84523,0.73521,0.82747,0.02332,0.4234,0.85897,0.0012476,0.0012476,0.0012476
382,608.571,0.6321,0.92145,0.09283,0.41169,0.84928,0.99729,1,0.995,0.83218,0.95393,0.95652,0.96403,0.8338,0.72273,0.8787,0.02404,0.40393,0.85989,0.00124562,0.00124562,0.00124562
383,610.137,0.63025,0.76883,0.10042,0.41622,0.84849,0.99748,1,0.995,0.81385,0.95406,0.95652,0.96246,0.8457,0.77499,0.86006,0.02547,0.43989,0.86588,0.00124364,0.00124364,0.00124364
384,611.758,0.65793,0.84042,0.11616,0.41868,0.87225,0.99746,1,0.995,0.81324,0.9541,0.95652,0.95387,0.81898,0.78182,0.83628,0.02407,0.4396,0.86397,0.00124166,0.00124166,0.00124166
385,613.337,0.6294,1.00503,0.12569,0.41175,0.87027,0.99741,1,0.995,0.7982,0.95398,0.95652,0.9407,0.81146,0.76067,0.80871,0.02275,0.42456,0.85851,0.00123968,0.00123968,0.00123968
386,614.922,0.63709,0.88668,0.13895,0.42209,0.8458,0.99745,1,0.995,0.79567,0.95408,0.95652,0.93668,0.79593,0.73454,0.82143,0.02086,0.43448,0.85949,0.0012377,0.0012377,0.0012377
387,616.516,0.63393,0.86735,0.12862,0.42136,0.85567,0.99729,1,0.995,0.78843,0.95393,0.95652,0.93331,0.79108,0.7852,0.85335,0.02101,0.42872,0.86945,0.00123572,0.00123572,0.00123572
388,618.1,0.61444,0.77431,0.09152,0.40617,0.84953,0.99739,1,0.995,0.80935,0.95402,0.95652,0.93868,0.80092,0.71456,0.85146,0.02045,0.42957,0.85558,0.00123374,0.00123374,0.00123374
389,619.783,0.65914,0.8059,0.11558,0.41241,0.83992,0.99739,1,0.995,0.83654,0.95403,0.95652,0.95668,0.8241,0.69562,0.86767,0.01991,0.44075,0.84927,0.00123176,0.00123176,0.00123176
390,621.332,0.62899,0.66382,0.12976,0.40182,0.84941,0.99734,1,0.995,0.83534,0.95433,0.95652,0.96492,0.84535,0.68365,0.85566,0.02131,0.42552,0.84603,0.00122978,0.00122978,0.00122978
391,622.91,0.6156,0.85188,0.10782,0.41572,0.83012,0.99729,1,0.995,0.83045,0.95424,0.95652,0.96404,0.84186,0.68564,0.87412,0.02195,0.41075,0.84754,0.0012278,0.0012278,0.0012278
392,624.496,0.61005,0.97381,0.10973,0.39817,0.84987,0.99712,1,0.995,0.81105,0.95415,0.95652,0.96233,0.82866,0.723,0.84766,0.02225,0.44487,0.85453,0.00122582,0.00122582,0.00122582
393,626.12,0.66073,0.90632,0.12084,0.42519,0.8649,0.99574,1,0.995,0.81953,0.95392,0.95652,0.96175,0.81564,0.74019,0.83095,0.02223,0.46498,0.86383,0.00122384,0.00122384,0.00122384
394,627.678,0.64234,0.97147,0.12878,0.43324,0.85829,0.9959,1,0.995,0.82624,0.95393,0.95652,0.9633,0.82516,0.69624,0.84974,0.02041,0.40807,0.85198,0.00122186,0.00122186,0.00122186
395,629.279,0.57334,0.92454,0.11099,0.40316,0.84183,0.9969,1,0.995,0.8307,0.95493,0.95652,0.96734,0.82044,0.70608,0.88371,0.02026,0.42254,0.85311,0.00121988,0.00121988,0.00121988
396,631.031,0.68964,0.87456,0.12834,0.4182,0.84781,0.99733,1,0.995,0.84462,0.95567,0.95652,0.97132,0.83134,0.72985,0.88906,0.01968,0.43774,0.85799,0.0012179,0.0012179,0.0012179
397,632.603,0.60516,0.69617,0.11379,0.40617,0.8432,0.99752,1,0.995,0.84523,0.95539,0.95652,0.97187,0.84862,0.72336,0.88607,0.01832,0.41699,0.85332,0.00121592,0.00121592,0.00121592
398,634.174,0.63376,0.84023,0.1347,0.43217,0.87996,0.9974,1,0.995,0.80689,0.95553,0.95652,0.96705,0.84333,0.74264,0.82934,0.01857,0.43012,0.86102,0.00121394,0.00121394,0.00121394
399,635.76,0.63969,0.8689,0.13086,0.40041,0.85364,0.99735,1,0.995,0.82132,0.95571,0.95652,0.96404,0.82534,0.76757,0.83844,0.01853,0.43314,0.8649,0.00121196,0.00121196,0.00121196
400,637.326,0.6489,0.79078,0.14556,0.41009,0.8739,0.99704,1,0.995,0.83004,0.95569,0.95652,0.96255,0.79961,0.77663,0.88634,0.0183,0.41977,0.86383,0.00120998,0.00120998,0.00120998
401,638.915,0.65047,0.85618,0.16533,0.40992,0.88023,0.99746,1,0.995,0.8173,0.95579,0.95652,0.96492,0.81559,0.78031,0.86594,0.01786,0.41866,0.86017,0.001208,0.001208,0.001208
402,640.475,0.6346,0.90901,0.17279,0.40805,0.87962,0.9975,1,0.995,0.84029,0.9553,0.95652,0.97081,0.83481,0.73932,0.82373,0.01735,0.42698,0.85394,0.00120602,0.00120602,0.00120602
403,642.021,0.65594,0.86721,0.14278,0.41036,0.85955,0.99753,1,0.995,0.84349,0.95556,0.95652,0.96988,0.82407,0.73957,0.84104,0.01802,0.43734,0.85451,0.00120404,0.00120404,0.00120404
404,643.668,0.6296,0.85826,0.1121,0.40133,0.88931,0.99742,1,0.995,0.85047,0.95526,0.95652,0.96906,0.84452,0.71374,0.79369,0.01851,0.41124,0.84627,0.00120206,0.00120206,0.00120206
405,645.26,0.6116,0.80222,0.1298,0.4045,0.84515,0.99727,1,0.995,0.86414,0.95438,0.95652,0.97132,0.84951,0.72683,0.79226,0.01687,0.41471,0.84505,0.00120008,0.00120008,0.00120008
406,646.835,0.65007,0.85816,0.1499,0.40655,0.85469,0.99734,1,0.995,0.84427,0.95476,0.95652,0.97132,0.8409,0.72402,0.7997,0.01643,0.43323,0.84137,0.0011981,0.0011981,0.0011981
407,648.389,0.62542,0.81463,0.11092,0.40986,0.85835,0.99733,1,0.995,0.84811,0.95485,0.95652,0.97307,0.84941,0.70419,0.76458,0.01687,0.40844,0.84439,0.00119612,0.00119612,0.00119612
408,649.956,0.63779,0.94251,0.12667,0.41737,0.84052,0.99744,1,0.995,0.8496,0.95547,0.95652,0.97307,0.86239,0.69629,0.74225,0.01734,0.41567,0.84611,0.00119414,0.00119414,0.00119414
409,651.486,0.63278,0.66625,0.0943,0.40578,0.82989,0.99741,1,0.995,0.82607,0.95541,0.95652,0.97081,0.86785,0.75174,0.76863,0.01734,0.40824,0.86398,0.00119216,0.00119216,0.00119216
410,653.094,0.61729,0.76579,0.15807,0.42373,0.84593,0.99748,1,0.995,0.82431,0.95594,0.95652,0.96797,0.86182,0.72454,0.76824,0.01902,0.41116,0.86331,0.00119018,0.00119018,0.00119018
411,654.647,0.59994,0.80746,0.10373,0.38324,0.84081,0.99765,1,0.995,0.844,0.95756,0.95652,0.96946,0.8801,0.67342,0.76868,0.01997,0.39649,0.84917,0.0011882,0.0011882,0.0011882
412,656.322,0.63912,0.73005,0.16186,0.41954,0.86158,0.9976,1,0.995,0.82888,0.96415,0.95652,0.97446,0.87662,0.7385,0.78843,0.01975,0.40822,0.85693,0.00118622,0.00118622,0.00118622
413,657.938,0.6254,0.88471,0.10121,0.40901,0.87079,0.9976,1,0.995,0.82888,0.95878,0.95652,0.97245,0.86364,0.75982,0.8122,0.01921,0.42413,0.85713,0.00118424,0.00118424,0.00118424
414,659.562,0.61758,0.8884,0.16873,0.40085,0.8499,0.99757,1,0.995,0.83168,0.95599,0.95652,0.97081,0.84162,0.70269,0.81906,0.01723,0.44525,0.84424,0.00118226,0.00118226,0.00118226
415,661.149,0.66559,1.01894,0.18067,0.41556,0.83686,0.99756,1,0.995,0.83279,0.95823,0.95652,0.97081,0.84723,0.71337,0.79499,0.01658,0.41816,0.84664,0.00118028,0.00118028,0.00118028
416,662.745,0.67437,0.83516,0.15655,0.42254,0.87433,0.99749,1,0.995,0.82659,0.96565,0.95652,0.96988,0.81335,0.74616,0.80733,0.01717,0.43286,0.85562,0.0011783,0.0011783,0.0011783
417,664.342,0.70524,0.85589,0.14565,0.43007,0.86827,0.99737,1,0.995,0.83486,0.9562,0.95652,0.96797,0.80729,0.70464,0.80694,0.01842,0.43002,0.85157,0.00117632,0.00117632,0.00117632
418,665.986,0.6665,1.02395,0.15962,0.42345,0.86119,0.99706,1,0.995,0.83861,0.95536,0.95652,0.96577,0.82816,0.68096,0.79956,0.01964,0.41075,0.84575,0.00117434,0.00117434,0.00117434
419,667.567,0.63807,0.8524,0.11583,0.42234,0.85697,0.99696,1,0.995,0.82079,0.99696,1,0.995,0.81379,0.75699,0.78961,0.02023,0.42176,0.85736,0.00117236,0.00117236,0.00117236
420,669.263,0.65381,0.88259,0.17727,0.40068,0.8582,0.99638,1,0.995,0.8507,0.99638,1,0.995,0.805,0.71665,0.85275,0.01892,0.41758,0.85634,0.00117038,0.00117038,0.00117038
421,670.814,0.63004,0.79267,0.10262,0.40836,0.86721,0.99662,1,0.995,0.8434,0.95329,0.95652,0.96117,0.81819,0.68794,0.88658,0.01997,0.39955,0.8487,0.0011684,0.0011684,0.0011684
422,672.408,0.60409,0.81463,0.13396,0.39222,0.86835,0.99692,1,0.995,0.8316,0.95358,0.95652,0.96338,0.82132,0.73828,0.86073,0.02037,0.41222,0.85482,0.00116642,0.00116642,0.00116642
423,673.971,0.60844,0.73632,0.0879,0.39965,0.83524,0.99705,1,0.995,0.8484,0.99705,1,0.995,0.84343,0.72455,0.78077,0.0189,0.42468,0.85326,0.00116444,0.00116444,0.00116444
424,675.561,0.63123,0.77639,0.14983,0.40514,0.84049,0.99735,1,0.995,0.83553,0.95516,0.95652,0.97245,0.86671,0.71705,0.79883,0.01887,0.41803,0.8509,0.00116246,0.00116246,0.00116246
425,677.182,0.63351,0.71209,0.10937,0.39384,0.86334,0.99743,1,0.995,0.84188,0.95582,0.95652,0.97245,0.86397,0.69691,0.75434,0.01959,0.41009,0.84449,0.00116048,0.00116048,0.00116048
426,678.765,0.6798,0.87334,0.1227,0.41312,0.86968,0.99748,1,0.995,0.82756,0.99748,1,0.995,0.8742,0.71513,0.7064,0.01908,0.41148,0.84323,0.0011585,0.0011585,0.0011585
427,680.319,0.63544,0.90997,0.18425,0.39221,0.84104,0.99751,1,0.995,0.85014,0.95599,0.95652,0.96832,0.87996,0.70779,0.71605,0.02045,0.3885,0.84805,0.00115652,0.00115652,0.00115652
428,682.022,0.62814,0.73408,0.11482,0.39543,0.84982,0.99749,1,0.995,0.84944,0.95543,0.95652,0.96624,0.85869,0.69032,0.74275,0.02208,0.38124,0.84752,0.00115454,0.00115454,0.00115454
429,683.592,0.56212,0.777,0.11734,0.39567,0.83347,0.99743,1,0.995,0.83565,0.95487,0.95652,0.96388,0.84891,0.68485,0.75078,0.02193,0.39472,0.84689,0.00115256,0.00115256,0.00115256
430,685.192,0.59641,0.79931,0.19866,0.39907,0.84625,0.99728,1,0.995,0.81477,0.99728,1,0.995,0.84825,0.73259,0.78282,0.0213,0.41981,0.85221,0.00115058,0.00115058,0.00115058
431,686.807,0.60745,0.85766,0.14096,0.41474,0.8658,0.99681,1,0.995,0.80717,0.99681,1,0.995,0.82373,0.73766,0.82793,0.02053,0.39429,0.8588,0.0011486,0.0011486,0.0011486
432,688.427,0.63354,0.90458,0.14797,0.39612,0.87335,0.95472,1,0.995,0.80591,0.91306,0.95652,0.95401,0.82188,0.75035,0.84953,0.01965,0.44797,0.85936,0.00114662,0.00114662,0.00114662
433,690.057,0.61849,0.76361,0.12366,0.38694,0.84836,0.99317,1,0.995,0.83982,0.94999,0.95652,0.94881,0.81267,0.75054,0.83199,0.0187,0.45946,0.85912,0.00114464,0.00114464,0.00114464
434,691.682,0.62819,0.84646,0.15132,0.40688,0.86003,0.99406,1,0.995,0.83928,0.95084,0.95652,0.9551,0.82801,0.76479,0.78769,0.01852,0.46151,0.86194,0.00114266,0.00114266,0.00114266
435,693.221,0.63981,0.77323,0.14143,0.41742,0.85916,0.99674,1,0.995,0.83378,0.9534,0.95652,0.95679,0.84917,0.75562,0.72765,0.02084,0.41371,0.85546,0.00114068,0.00114068,0.00114068
436,694.93,0.62497,0.9392,0.16617,0.39825,0.871,0.99729,1,0.995,0.82744,0.95393,0.95652,0.95373,0.83419,0.77622,0.76799,0.02137,0.43239,0.85886,0.0011387,0.0011387,0.0011387
437,696.492,0.59861,0.98554,0.12068,0.3983,0.85573,0.9974,1,0.995,0.83013,0.9974,1,0.995,0.84338,0.76214,0.79148,0.02162,0.40399,0.85572,0.00113672,0.00113672,0.00113672
438,698.098,0.58726,0.76646,0.1371,0.39755,0.81968,0.99747,1,0.995,0.85357,0.9541,0.95652,0.96958,0.8758,0.73425,0.78731,0.02167,0.39745,0.84981,0.00113474,0.00113474,0.00113474
439,699.683,0.59439,0.72239,0.09865,0.39567,0.86353,0.99733,1,0.995,0.84878,0.99733,1,0.995,0.86772,0.70883,0.77246,0.02088,0.41072,0.85124,0.00113276,0.00113276,0.00113276
440,701.282,0.62696,0.91347,0.21302,0.41138,0.86594,0.99725,1,0.995,0.84876,0.99725,1,0.995,0.85953,0.69148,0.74909,0.02003,0.40846,0.85217,0.00113078,0.00113078,0.00113078
441,702.915,0.58437,0.73578,0.07722,0.39355,0.82291,0.99551,1,0.995,0.84554,0.99551,1,0.995,0.8514,0.6789,0.77598,0.0188,0.41007,0.84995,0.0011288,0.0011288,0.0011288
442,704.45,0.58676,0.63399,0.06739,0.39889,0.8418,0.99736,1,0.995,0.84964,0.99736,1,0.995,0.84924,0.66843,0.78725,0.01798,0.42398,0.8423,0.00112682,0.00112682,0.00112682
443,706.04,0.59646,0.65188,0.13123,0.38754,0.85552,0.99653,1,0.995,0.84162,0.99653,1,0.995,0.83915,0.71766,0.79312,0.01721,0.42272,0.85063,0.00112484,0.00112484,0.00112484
444,707.747,0.6026,0.67563,0.08485,0.39264,0.8627,0.99752,1,0.995,0.84986,0.9541,0.95652,0.96741,0.83023,0.72426,0.77127,0.01708,0.41532,0.85013,0.00112286,0.00112286,0.00112286
445,709.337,0.62341,0.88177,0.171,0.4067,0.8417,0.99759,1,0.995,0.83973,0.95422,0.95652,0.96621,0.84733,0.72847,0.75621,0.01664,0.40872,0.85267,0.00112088,0.00112088,0.00112088
446,710.895,0.59341,0.80079,0.11745,0.40445,0.84381,0.99744,1,0.995,0.82212,0.99744,1,0.995,0.8409,0.74046,0.77315,0.01637,0.41959,0.85489,0.0011189,0.0011189,0.0011189
447,712.461,0.60074,0.76524,0.11416,0.4154,0.84616,0.99736,1,0.995,0.82188,0.99736,1,0.995,0.83383,0.77043,0.76627,0.01661,0.42912,0.85791,0.00111692,0.00111692,0.00111692
448,714.014,0.65238,0.87804,0.20056,0.43183,0.88723,0.99693,1,0.995,0.8277,0.95358,0.95652,0.95895,0.81838,0.76866,0.79457,0.01669,0.4565,0.86355,0.00111494,0.00111494,0.00111494
449,715.624,0.63219,0.84339,0.13405,0.42854,0.84863,0.99665,1,0.995,0.82771,0.99665,1,0.995,0.84007,0.74941,0.77779,0.0161,0.43267,0.85688,0.00111296,0.00111296,0.00111296
450,717.199,0.6557,0.8222,0.1494,0.40625,0.86039,0.99716,1,0.995,0.84186,0.99716,1,0.995,0.80137,0.71135,0.79131,0.01611,0.43381,0.8506,0.00111098,0.00111098,0.00111098
451,718.81,0.56979,0.75035,0.12282,0.41143,0.85722,0.99744,1,0.995,0.84947,0.99744,1,0.995,0.82107,0.73287,0.79431,0.01608,0.40948,0.8454,0.001109,0.001109,0.001109
452,720.544,0.6221,0.76188,0.08539,0.39758,0.83659,0.99745,1,0.995,0.84051,0.95493,0.95652,0.96832,0.85378,0.72621,0.79202,0.01613,0.40439,0.83967,0.00110702,0.00110702,0.00110702
453,722.117,0.60831,0.66398,0.0702,0.38532,0.84783,0.99742,1,0.995,0.8492,0.95505,0.95652,0.97132,0.85,0.70879,0.80858,0.01659,0.38759,0.83866,0.00110504,0.00110504,0.00110504
454,723.669,0.57445,0.7301,0.12606,0.38665,0.8515,0.9974,1,0.995,0.83362,0.9974,1,0.995,0.84944,0.74603,0.8061,0.01667,0.41438,0.84934,0.00110306,0.00110306,0.00110306
455,725.256,0.64131,0.95817,0.20784,0.41387,0.87536,0.99745,1,0.995,0.82809,0.95408,0.95652,0.96814,0.82328,0.75175,0.79787,0.0168,0.4311,0.84659,0.00110108,0.00110108,0.00110108
456,726.804,0.59234,0.74,0.09769,0.39196,0.84907,0.99748,1,0.995,0.85018,0.95455,0.95652,0.96765,0.82467,0.67004,0.8303,0.01674,0.39818,0.83601,0.0010991,0.0010991,0.0010991
457,728.37,0.59267,0.76598,0.1071,0.39418,0.8262,0.9973,1,0.995,0.85853,0.95394,0.95652,0.9656,0.82233,0.67735,0.79971,0.01583,0.40637,0.84716,0.00109712,0.00109712,0.00109712
458,729.958,0.5418,0.7375,0.10715,0.36374,0.84503,0.99727,1,0.995,0.831,0.99727,1,0.995,0.82752,0.71625,0.76919,0.01584,0.40204,0.85177,0.00109514,0.00109514,0.00109514
459,731.523,0.5386,0.67737,0.08462,0.37184,0.82015,0.99726,1,0.995,0.83429,0.99726,1,0.995,0.83522,0.72928,0.77029,0.01554,0.40291,0.85648,0.00109316,0.00109316,0.00109316
460,733.213,0.59542,0.75558,0.14371,0.38613,0.84485,0.99729,1,0.995,0.8445,0.95393,0.95652,0.96246,0.84068,0.70108,0.75991,0.01583,0.39763,0.85142,0.00109118,0.00109118,0.00109118
461,734.799,0.62379,0.9594,0.16355,0.38861,0.87717,0.99741,1,0.995,0.83631,0.95405,0.95652,0.9656,0.82728,0.69859,0.74926,0.01591,0.40115,0.84812,0.0010892,0.0010892,0.0010892
462,736.376,0.59378,0.73355,0.12378,0.38755,0.85148,0.99727,1,0.995,0.82871,0.95391,0.95652,0.97013,0.85342,0.71504,0.77502,0.01575,0.40985,0.84424,0.00108722,0.00108722,0.00108722
463,737.941,0.55899,0.68038,0.09134,0.37737,0.82705,0.99728,1,0.995,0.84054,0.95386,0.95652,0.9735,0.87646,0.68793,0.76265,0.01622,0.40685,0.83704,0.00108524,0.00108524,0.00108524
464,739.544,0.627,0.77016,0.11548,0.40716,0.84946,0.99716,1,0.995,0.84148,1,0.93866,0.97245,0.84447,0.72998,0.79731,0.017,0.40632,0.84864,0.00108326,0.00108326,0.00108326
465,741.081,0.66399,0.79468,0.15876,0.39215,0.87512,0.99762,1,0.995,0.8286,0.97021,0.95652,0.96797,0.85753,0.75493,0.77679,0.01803,0.40804,0.85448,0.00108128,0.00108128,0.00108128
466,742.652,0.59891,0.79168,0.14437,0.38454,0.84444,0.99751,1,0.995,0.83763,0.99751,1,0.995,0.86767,0.73143,0.7476,0.01808,0.40225,0.8471,0.0010793,0.0010793,0.0010793
467,744.221,0.61771,0.77547,0.18557,0.39285,0.87853,0.99753,1,0.995,0.8331,0.95566,0.95652,0.96404,0.84965,0.72731,0.7908,0.01768,0.40583,0.85087,0.00107732,0.00107732,0.00107732
468,745.929,0.56896,0.7003,0.0995,0.37558,0.8515,0.99749,1,0.995,0.83088,0.9549,0.95652,0.96677,0.82257,0.73849,0.79701,0.01732,0.41625,0.85341,0.00107534,0.00107534,0.00107534
469,747.505,0.56548,0.72314,0.09298,0.39362,0.86355,0.99747,1,0.995,0.86293,0.9541,0.95652,0.96476,0.82234,0.69563,0.7987,0.01733,0.39063,0.84025,0.00107336,0.00107336,0.00107336
470,749.094,0.61972,0.76527,0.16211,0.38414,0.84607,0.99737,1,0.995,0.84292,0.95401,0.95652,0.9623,0.82688,0.73723,0.84348,0.01777,0.40505,0.85092,0.00107138,0.00107138,0.00107138
471,750.74,0.65572,0.8882,0.20731,0.40553,0.87208,0.99733,1,0.995,0.84421,0.95397,0.95652,0.96318,0.82274,0.72753,0.82137,0.01823,0.39746,0.84479,0.0010694,0.0010694,0.0010694
472,752.368,0.61441,0.84118,0.10601,0.3934,0.84438,0.9974,1,0.995,0.84572,0.95404,0.95652,0.96281,0.84391,0.71949,0.80251,0.01929,0.37905,0.84905,0.00106742,0.00106742,0.00106742
473,753.908,0.58678,0.74399,0.14515,0.38455,0.84829,0.99738,1,0.995,0.82127,0.95402,0.95652,0.96263,0.84418,0.74301,0.81012,0.02051,0.3957,0.85548,0.00106544,0.00106544,0.00106544
474,755.464,0.56288,0.73488,0.15183,0.37129,0.84521,0.99749,1,0.995,0.83138,0.95412,0.95652,0.96318,0.85795,0.71945,0.82857,0.02225,0.3729,0.85688,0.00106346,0.00106346,0.00106346
475,757.2,0.57754,0.66433,0.1163,0.36721,0.86196,0.99756,1,0.995,0.82996,0.95414,0.95652,0.94837,0.83106,0.70777,0.8257,0.0234,0.38697,0.85922,0.00106148,0.00106148,0.00106148
476,758.818,0.61237,0.85871,0.16535,0.39348,0.86702,0.99747,1,0.995,0.82205,0.9541,0.95652,0.94663,0.8065,0.71886,0.84546,0.02225,0.38666,0.86174,0.0010595,0.0010595,0.0010595
477,760.402,0.62977,0.78474,0.21671,0.40398,0.84658,0.99747,1,0.995,0.84145,0.95405,0.95652,0.94777,0.80113,0.69563,0.84515,0.02092,0.38386,0.85413,0.00105752,0.00105752,0.00105752
478,762.004,0.59589,0.77927,0.09664,0.39369,0.85084,0.99747,1,0.995,0.81942,0.9541,0.95652,0.95012,0.80158,0.76773,0.80656,0.01978,0.39007,0.86255,0.00105554,0.00105554,0.00105554
479,763.575,0.56685,0.79307,0.1512,0.38683,0.85937,0.99751,1,0.995,0.8272,0.95414,0.95652,0.95347,0.79962,0.75327,0.76812,0.01891,0.40117,0.8678,0.00105356,0.00105356,0.00105356
480,765.134,0.59836,0.70412,0.07304,0.38567,0.83672,0.99752,1,0.995,0.81849,0.95415,0.95652,0.95838,0.82171,0.71872,0.74548,0.01849,0.41809,0.85716,0.00105158,0.00105158,0.00105158
481,766.692,0.62414,0.86298,0.12242,0.38887,0.87892,0.99753,1,0.995,0.84436,0.95416,0.95652,0.96035,0.83671,0.73908,0.73435,0.01815,0.40898,0.85511,0.0010496,0.0010496,0.0010496
482,768.393,0.58499,0.72462,0.0911,0.3802,0.8479,0.99754,1,0.995,0.83587,0.99754,1,0.995,0.82641,0.74434,0.73341,0.01792,0.39735,0.84606,0.00104762,0.00104762,0.00104762
483,769.931,0.61291,0.74196,0.16037,0.37374,0.87505,0.99749,1,0.995,0.81717,0.95455,0.95652,0.96577,0.86567,0.77249,0.73802,0.01918,0.39792,0.85338,0.00104564,0.00104564,0.00104564
484,771.548,0.56944,0.82013,0.15866,0.36839,0.85345,0.99758,1,0.995,0.83498,0.95492,0.95652,0.96404,0.85723,0.69935,0.74044,0.02077,0.38545,0.84724,0.00104366,0.00104366,0.00104366
485,773.162,0.60024,0.76265,0.16203,0.3817,0.84092,0.99746,1,0.995,0.84412,0.95502,0.95652,0.96404,0.85881,0.69625,0.75968,0.02193,0.4013,0.84801,0.00104168,0.00104168,0.00104168
486,774.718,0.59232,0.77473,0.14511,0.39423,0.84084,0.99726,1,0.995,0.84019,0.95484,0.95652,0.96492,0.85292,0.7183,0.77021,0.02267,0.4204,0.85,0.0010397,0.0010397,0.0010397
487,776.294,0.58824,0.76601,0.15547,0.39157,0.83832,0.99721,1,0.995,0.86391,0.99721,1,0.995,0.85001,0.68781,0.75527,0.02223,0.38452,0.84136,0.00103772,0.00103772,0.00103772
488,777.859,0.51433,0.67598,0.12657,0.36594,0.82823,0.99744,1,0.995,0.84982,0.99744,1,0.995,0.85036,0.68948,0.72087,0.0216,0.36701,0.84414,0.00103574,0.00103574,0.00103574
489,779.487,0.58269,0.72586,0.11682,0.38815,0.82586,0.9974,1,0.995,0.83966,0.9974,1,0.995,0.86304,0.7402,0.67724,0.0216,0.40658,0.85209,0.00103376,0.00103376,0.00103376
490,781.124,0.58034,0.83837,0.13953,0.38144,0.85033,0.99749,1,0.995,0.86153,0.99749,1,0.995,0.86016,0.70322,0.69826,0.02172,0.39446,0.83938,0.00103178,0.00103178,0.00103178
491,782.785,0.55292,0.81103,0.14412,0.35983,0.83405,0.99736,1,0.995,0.86281,0.99736,1,0.995,0.85342,0.71649,0.70657,0.02111,0.38923,0.8405,0.0010298,0.0010298,0.0010298
492,784.341,0.55654,0.77958,0.18055,0.37594,0.83153,0.99745,1,0.995,0.8509,0.99745,1,0.995,0.86469,0.71499,0.71365,0.02124,0.38127,0.84445,0.00102782,0.00102782,0.00102782
493,785.9,0.6358,0.77067,0.10852,0.38894,0.82313,0.99751,1,0.995,0.82792,0.95467,0.95652,0.96677,0.84259,0.70776,0.78851,0.02175,0.38038,0.84943,0.00102584,0.00102584,0.00102584
494,787.475,0.62679,0.75068,0.15145,0.41011,0.85786,0.99755,1,0.995,0.82845,0.95485,0.95652,0.96832,0.83243,0.72906,0.86366,0.02324,0.37412,0.85518,0.00102386,0.00102386,0.00102386
495,789.053,0.56016,0.74273,0.12472,0.38551,0.83725,0.99752,1,0.995,0.84426,0.95498,0.95652,0.97307,0.85989,0.69073,0.83108,0.02438,0.35857,0.84898,0.00102188,0.00102188,0.00102188
496,790.609,0.57367,0.67414,0.09294,0.36831,0.81382,0.99744,1,0.995,0.84137,0.95408,0.95652,0.97055,0.85845,0.70046,0.79715,0.02489,0.37779,0.85312,0.0010199,0.0010199,0.0010199
497,792.177,0.56809,0.69434,0.09796,0.38169,0.83868,0.99747,1,0.995,0.83134,0.9541,0.95652,0.972,0.85591,0.76093,0.79597,0.02477,0.37481,0.86302,0.00101792,0.00101792,0.00101792
498,793.712,0.56483,0.66885,0.11546,0.36206,0.80903,0.99755,1,0.995,0.83135,0.95484,0.95652,0.97307,0.85373,0.7434,0.79805,0.02408,0.40077,0.86189,0.00101594,0.00101594,0.00101594
499,795.427,0.57883,0.75046,0.16645,0.39133,0.83467,0.99754,1,0.995,0.85048,0.95483,0.95652,0.97446,0.8495,0.73696,0.76347,0.02229,0.41213,0.85527,0.00101396,0.00101396,0.00101396
500,796.992,0.57805,0.79908,0.15765,0.37735,0.87079,0.99749,1,0.995,0.85269,0.95412,0.95652,0.96958,0.86767,0.67592,0.70403,0.0212,0.39855,0.84225,0.00101198,0.00101198,0.00101198
501,798.583,0.62331,0.71336,0.14058,0.38853,0.83699,0.99746,1,0.995,0.84946,0.99746,1,0.995,0.8786,0.69402,0.70201,0.01984,0.38961,0.8398,0.00101,0.00101,0.00101
502,800.164,0.64522,0.79872,0.13274,0.39071,0.84563,0.99745,1,0.995,0.82393,0.95432,0.95652,0.97132,0.8831,0.7745,0.74522,0.01864,0.39569,0.85944,0.00100802,0.00100802,0.00100802
503,801.754,0.62913,0.75304,0.12015,0.40081,0.84971,0.99717,1,0.995,0.81786,0.9543,0.95652,0.96988,0.88537,0.74423,0.7345,0.01979,0.40016,0.86085,0.00100604,0.00100604,0.00100604
504,803.338,0.58515,0.71915,0.09812,0.37052,0.85162,0.99706,1,0.995,0.84938,0.95416,0.95652,0.97307,0.8641,0.73016,0.76088,0.02009,0.43643,0.85342,0.00100406,0.00100406,0.00100406
505,804.893,0.59586,0.61494,0.10918,0.3766,0.83409,0.99686,1,0.995,0.83056,0.95417,0.95652,0.97524,0.86473,0.74634,0.7789,0.01866,0.39863,0.85749,0.00100208,0.00100208,0.00100208
506,806.477,0.682,0.78578,0.09176,0.42149,0.86872,0.9972,1,0.995,0.85332,0.95384,0.95652,0.9735,0.86773,0.70444,0.74592,0.01872,0.40526,0.8519,0.0010001,0.0010001,0.0010001
507,808.12,0.6334,0.78643,0.13139,0.39035,0.85012,0.99737,1,0.995,0.85376,0.954,0.95652,0.9735,0.87339,0.73108,0.70913,0.01958,0.3988,0.8521,0.00099812,0.00099812,0.00099812
508,809.698,0.58799,0.71201,0.13008,0.37434,0.85977,0.99728,1,0.995,0.85365,0.95392,0.95652,0.96635,0.8552,0.69179,0.69201,0.01906,0.37931,0.84247,0.00099614,0.00099614,0.00099614
509,811.365,0.56593,0.64583,0.13046,0.37318,0.83962,0.99738,1,0.995,0.83136,0.99738,1,0.995,0.85911,0.73981,0.69136,0.01846,0.39004,0.84846,0.00099416,0.00099416,0.00099416
510,812.956,0.57868,0.77992,0.16288,0.38789,0.832,0.99752,1,0.995,0.82654,0.99752,1,0.995,0.86985,0.77193,0.68691,0.01815,0.4097,0.85628,0.00099218,0.00099218,0.00099218
511,814.528,0.59532,0.74827,0.11027,0.38671,0.84625,0.99741,1,0.995,0.8363,0.99741,1,0.995,0.86805,0.72135,0.70549,0.01807,0.39521,0.85485,0.0009902,0.0009902,0.0009902
512,816.108,0.57114,0.68888,0.14363,0.37449,0.82838,0.99737,1,0.995,0.84817,0.99737,1,0.995,0.85224,0.74795,0.7405,0.01893,0.39942,0.85536,0.00098822,0.00098822,0.00098822
513,817.696,0.53894,0.65958,0.09117,0.36805,0.8401,0.99738,1,0.995,0.8405,0.95416,0.95652,0.97132,0.85966,0.73852,0.76873,0.01936,0.40366,0.85282,0.00098624,0.00098624,0.00098624
514,819.276,0.54879,0.72156,0.13746,0.35555,0.83326,0.99733,1,0.995,0.85505,0.95397,0.95652,0.96859,0.84918,0.70242,0.76922,0.01905,0.37284,0.84915,0.00098426,0.00098426,0.00098426
515,820.969,0.58963,0.75206,0.15443,0.37122,0.83878,0.99737,1,0.995,0.86584,0.95401,0.95652,0.97272,0.86378,0.6923,0.75619,0.01974,0.38723,0.84944,0.00098228,0.00098228,0.00098228
516,822.543,0.55675,0.62807,0.08922,0.36291,0.83772,0.99748,1,0.995,0.85614,0.95479,0.95652,0.97446,0.86559,0.70718,0.75243,0.0203,0.39347,0.8461,0.0009803,0.0009803,0.0009803
517,824.127,0.56354,0.7348,0.08191,0.37799,0.84144,0.99738,1,0.995,0.8388,0.95402,0.95652,0.96859,0.86055,0.74073,0.7614,0.0198,0.40372,0.84802,0.00097832,0.00097832,0.00097832
518,825.693,0.58396,0.71601,0.08649,0.38449,0.86116,0.99725,1,0.995,0.83752,0.95389,0.95652,0.96285,0.83527,0.70449,0.80406,0.01906,0.38964,0.84172,0.00097634,0.00097634,0.00097634
519,827.239,0.54413,0.66776,0.15253,0.35242,0.83646,0.99743,1,0.995,0.83954,0.95406,0.95652,0.96343,0.84422,0.70639,0.79586,0.01873,0.39757,0.84288,0.00097436,0.00097436,0.00097436
520,828.817,0.54847,0.67665,0.18749,0.37531,0.8676,0.99721,1,0.995,0.85248,0.95386,0.95652,0.96531,0.83906,0.67523,0.78121,0.01715,0.39546,0.84289,0.00097238,0.00097238,0.00097238
521,830.429,0.62245,0.79445,0.19187,0.3916,0.865,0.99739,1,0.995,0.85085,0.95402,0.95652,0.96503,0.83915,0.69596,0.76204,0.01774,0.3939,0.84733,0.0009704,0.0009704,0.0009704
522,832.006,0.55729,0.74105,0.15759,0.3728,0.82881,0.99711,1,0.995,0.82567,0.95375,0.95652,0.95966,0.83809,0.7082,0.75335,0.01904,0.40445,0.84452,0.00096842,0.00096842,0.00096842
523,833.652,0.53481,0.73495,0.09984,0.36798,0.83246,0.99741,1,0.995,0.84944,0.95405,0.95652,0.95966,0.84412,0.71718,0.76226,0.01908,0.39145,0.8504,0.00096644,0.00096644,0.00096644
524,835.243,0.56183,0.6354,0.10209,0.37463,0.82723,0.99692,1,0.995,0.85016,0.95357,0.95652,0.96503,0.85852,0.66867,0.74347,0.01888,0.36541,0.83973,0.00096446,0.00096446,0.00096446
525,836.771,0.56454,0.74278,0.18684,0.37426,0.83843,0.99722,1,0.995,0.84797,0.95386,0.95652,0.9656,0.84166,0.68543,0.75308,0.01828,0.38929,0.8379,0.00096248,0.00096248,0.00096248
526,838.342,0.57421,0.69473,0.10957,0.38159,0.83371,0.99728,1,0.995,0.83885,0.95439,0.95652,0.96705,0.84394,0.71871,0.79414,0.01777,0.41095,0.84688,0.0009605,0.0009605,0.0009605
527,839.939,0.54502,0.66687,0.15285,0.36112,0.83464,0.99731,1,0.995,0.82886,0.95436,0.95652,0.96765,0.84753,0.72407,0.77948,0.01925,0.40302,0.8513,0.00095852,0.00095852,0.00095852
