epoch,time,train/box_loss,train/cls_loss,train/dfl_loss,metrics/precision(B),metrics/recall(B),metrics/mAP50(B),metrics/mAP50-95(B),val/box_loss,val/cls_loss,val/dfl_loss,lr/pg0,lr/pg1,lr/pg2
1,10.4807,6.52664,21.216,4.21278,0,0,0,0,6.91086,19.6119,4.1603,2e-05,2e-05,2e-05
2,12.2853,6.72269,28.1849,4.23135,0,0,0,0,6.91086,19.6119,4.16083,5.99406e-05,5.99406e-05,5.99406e-05
3,13.8861,6.56901,23.4722,4.1917,0,0,0,0,6.91086,19.6119,4.16162,9.9802e-05,9.9802e-05,9.9802e-05
4,15.1739,6.65635,26.4202,4.19951,0,0,0,0,6.91147,19.6501,4.1632,0.000139584,0.000139584,0.000139584
5,16.5578,6.57956,24.9609,4.21367,0,0,0,0,6.91147,19.6501,4.16365,0.000179287,0.000179287,0.000179287
6,18.0212,6.71065,28.1931,4.18245,0,0,0,0,6.91147,19.6501,4.16393,0.000218911,0.000218911,0.000218911
7,19.5042,6.63818,24.9909,4.11287,0,0,0,0,6.91006,19.5575,4.16139,0.000258456,0.000258456,0.000258456
8,20.9636,6.61913,24.04,4.04841,0,0,0,0,6.90981,19.5378,4.15922,0.000297921,0.000297921,0.000297921
9,22.4152,6.44547,17.9341,3.94759,0,0,0,0,6.90981,19.5378,4.15556,0.000337307,0.000337307,0.000337307
10,23.8802,6.64279,24.2304,3.82321,0,0,0,0,6.90955,19.5208,4.1524,0.000376614,0.000376614,0.000376614
11,25.3164,6.38786,23.5552,3.57482,0,0,0,0,6.90846,19.4442,4.15025,0.000415842,0.000415842,0.000415842
12,26.7375,5.78174,16.8606,3.31903,0,0,0,0,6.90952,19.5268,4.1516,0.000454991,0.000454991,0.000454991
13,28.2082,5.46799,13.083,3.16763,0,0,0,0,6.90952,19.5268,4.15802,0.00049406,0.00049406,0.00049406
14,29.6365,4.2853,10.0103,2.85576,0,0,0,0,6.91184,19.7034,4.16701,0.00053305,0.00053305,0.00053305
15,31.1047,3.87904,8.61406,2.75911,0,0,0,0,6.91488,19.9913,4.18329,0.000571961,0.000571961,0.000571961
16,32.5671,3.56142,7.63685,2.52283,0,0,0,0,6.91743,20.21,4.19965,0.000610793,0.000610793,0.000610793
17,34.3319,3.25196,7.00983,2.40165,0,0,0,0,6.92063,20.5255,4.21499,0.000649546,0.000649546,0.000649546
18,35.7875,3.07655,5.84331,2.14405,0,0,0,0,6.92467,20.8909,4.23237,0.000688219,0.000688219,0.000688219
19,37.2315,3.10961,4.63949,2.031,0,0,0,0,6.92774,21.2413,4.25362,0.000726813,0.000726813,0.000726813
20,38.6689,2.80569,4.83967,1.94659,0,0,0,0,6.93468,21.9653,4.28461,0.000765328,0.000765328,0.000765328
21,40.1072,2.73089,4.17712,1.80874,0,0,0,0,6.94136,22.7393,4.32675,0.000803764,0.000803764,0.000803764
22,41.5697,2.62269,4.04283,1.77685,0,0,0,0,6.94724,23.4539,4.35939,0.000842121,0.000842121,0.000842121
23,43.0268,2.57799,3.94806,1.71724,0,0,0,0,6.9484,23.6786,4.36981,0.000880398,0.000880398,0.000880398
24,44.4437,2.39296,3.66979,1.66442,0,0,0,0,6.95334,24.3935,4.40243,0.000918596,0.000918596,0.000918596
25,45.9186,2.28428,3.5771,1.50739,0,0,0,0,6.95696,24.891,4.42291,0.000956715,0.000956715,0.000956715
26,47.4003,2.27152,3.15689,1.599,0,0,0,0,6.95703,24.9816,4.42481,0.000994755,0.000994755,0.000994755
27,48.8788,2.07155,3.03676,1.48968,0,0,0,0,6.95703,25.084,4.42491,0.00103272,0.00103272,0.00103272
28,50.3306,2.07347,2.82926,1.44099,0,0,0,0,6.94147,23.1279,4.3327,0.0010706,0.0010706,0.0010706
29,51.8083,2.04496,2.65051,1.40598,0,0,0,0,6.91435,20.4474,4.19484,0.0011084,0.0011084,0.0011084
30,53.2638,1.88643,2.59238,1.33194,0,0,0,0,6.89448,19.0232,4.11211,0.00114612,0.00114612,0.00114612
31,54.6749,1.81137,2.69545,1.25204,0,0,0,0,6.88915,18.6464,4.09257,0.00118377,0.00118377,0.00118377
32,56.0979,1.93746,2.44127,1.34308,0,0,0,0,6.89026,18.7788,4.09482,0.00122133,0.00122133,0.00122133
33,57.5406,1.86158,2.43454,1.34898,0,0,0,0,6.90982,20.2923,4.17837,0.00125882,0.00125882,0.00125882
34,59.0082,1.82049,2.57273,1.28609,0,0,0,0,6.90446,18.1586,4.15452,0.00129622,0.00129622,0.00129622
35,60.4423,1.70236,2.10261,1.22011,0,0,0,0,6.91419,18.7927,4.19835,0.00133355,0.00133355,0.00133355
36,61.8784,1.65638,2.13218,1.20061,0,0,0,0,6.92015,19.1238,4.22459,0.0013708,0.0013708,0.0013708
37,63.3464,1.71442,2.07966,1.23046,0,0,0,0,6.90324,17.8115,4.1514,0.00140797,0.00140797,0.00140797
38,64.8123,1.6583,2.00876,1.2286,0,0,0,0,6.89004,17.0019,4.09609,0.00144505,0.00144505,0.00144505
39,66.2245,1.68799,1.91057,1.19537,0,0,0,0,6.85803,15.3664,3.97754,0.00148207,0.00148207,0.00148207
40,67.6697,1.62514,1.9087,1.22674,0,0,0,0,6.77169,12.7284,3.74826,0.001519,0.001519,0.001519
41,69.1111,1.69773,1.8807,1.26737,0,0,0,0,6.74516,12.1891,3.69409,0.00155585,0.00155585,0.00155585
42,70.5477,1.59894,1.89872,1.20035,0,0,0,0,6.87534,16.2355,4.03806,0.00159262,0.00159262,0.00159262
43,71.9717,1.54582,1.62666,1.16179,0,0,0,0,6.94756,11.3843,4.3695,0.00162931,0.00162931,0.00162931
44,73.3874,1.55646,1.64326,1.15039,0,0,0,0,6.95967,11.7658,4.44208,0.00166593,0.00166593,0.00166593
45,74.8342,1.60538,1.79744,1.20784,0,0,0,0,6.95928,11.7152,4.43679,0.00170246,0.00170246,0.00170246
46,76.2776,1.58469,1.84083,1.19458,0,0,0,0,6.95792,10.8169,4.42702,0.00173892,0.00173892,0.00173892
47,77.7124,1.61235,1.59895,1.15869,0,0,0,0,6.96606,10.9821,4.48139,0.0017753,0.0017753,0.0017753
48,79.1681,1.46842,1.63883,1.1602,0,0,0,0,6.97348,11.4587,4.53155,0.00181159,0.00181159,0.00181159
49,80.6549,1.4726,1.63658,1.11878,0,0,0,0,6.95459,10.4906,4.40917,0.00184781,0.00184781,0.00184781
50,82.1467,1.42292,1.5734,1.12643,0,0,0,0,6.92421,9.43371,4.24396,0.00188395,0.00188395,0.00188395
51,83.5861,1.40127,1.42296,1.11679,0,0,0,0,6.88728,8.54527,4.08584,0.001901,0.001901,0.001901
52,85.0383,1.58182,1.48566,1.07861,0,0,0,0,6.76583,7.11336,3.7398,0.00189902,0.00189902,0.00189902
53,86.5,1.43461,1.57395,1.1856,0,0,0,0,6.54093,6.18851,3.39192,0.00189704,0.00189704,0.00189704
54,87.9331,1.47913,1.47018,1.10628,0,0,0,0,6.51526,6.11026,3.35874,0.00189506,0.00189506,0.00189506
55,89.3794,1.32277,1.43038,1.11952,0,0,0,0,6.73456,5.78733,3.65315,0.00189308,0.00189308,0.00189308
56,90.8391,1.36322,1.40832,1.13282,0,0,0,0,6.77413,5.81196,3.72835,0.0018911,0.0018911,0.0018911
57,92.2658,1.32809,1.28661,1.06323,0,0,0,0,6.71177,5.64495,3.59468,0.00188912,0.00188912,0.00188912
58,93.7076,1.41692,1.35985,1.10398,0,0,0,0,6.58071,5.35696,3.40677,0.00188714,0.00188714,0.00188714
59,95.182,1.41119,1.31827,1.05684,0,0,0,0,6.1459,5.10933,3.03113,0.00188516,0.00188516,0.00188516
60,96.6467,1.37167,1.28168,1.09953,0,0,0,0,5.89423,5.06911,2.88685,0.00188318,0.00188318,0.00188318
61,98.1191,1.30494,1.25218,1.06152,0,0,0,0,5.90608,5.07318,2.89221,0.0018812,0.0018812,0.0018812
62,99.5914,1.23406,1.18525,1.02871,0,0,0,0,6.09082,4.99592,3.0121,0.00187922,0.00187922,0.00187922
63,101.077,1.28254,1.22713,1.05153,0,0,0,0,6.37875,5.16726,3.21947,0.00187724,0.00187724,0.00187724
64,102.594,1.24761,1.22087,1.07873,0,0,0,0,6.57046,5.35975,3.39659,0.00187526,0.00187526,0.00187526
65,104.09,1.31161,1.25469,1.08972,0,0,0,0,6.55969,5.40833,3.38409,0.00187328,0.00187328,0.00187328
66,105.526,1.39248,1.1902,1.08151,0,0,0,0,6.39063,5.29318,3.23834,0.0018713,0.0018713,0.0018713
67,107.029,1.2393,1.17905,1.04402,0,0,0,0,6.14435,5.15193,3.05307,0.00186932,0.00186932,0.00186932
68,108.524,1.30218,1.08695,1.03071,0,0,0,0,6.07053,5.17895,3.00647,0.00186734,0.00186734,0.00186734
69,110.027,1.21583,1.16284,1.01597,0,0,0,0,6.0683,5.19931,2.99525,0.00186536,0.00186536,0.00186536
70,111.651,1.15919,1.10173,0.99626,0,0,0,0,5.94783,5.22126,2.93437,0.00186338,0.00186338,0.00186338
71,113.278,1.21118,1.04126,1.02073,0,0,0,0,5.20801,5.03627,2.57073,0.0018614,0.0018614,0.0018614
72,114.779,1.24316,1.08174,0.99287,0,0,0,0,4.1923,4.67861,2.20991,0.00185942,0.00185942,0.00185942
73,116.258,1.14822,1.01979,0.97789,0.00141,0.17391,0.04589,0.00915,3.67239,4.4258,2.01691,0.00185744,0.00185744,0.00185744
74,117.753,1.11856,0.9361,0.9635,0.0027,0.26087,0.00662,0.00136,3.40589,4.24174,1.93335,0.00185546,0.00185546,0.00185546
75,119.224,1.24071,1.02343,1.01137,0.00504,0.3913,0.08951,0.02113,2.94819,4.13264,1.81281,0.00185348,0.00185348,0.00185348
76,120.668,1.12538,0.96669,1.01664,0.00692,0.52174,0.05289,0.01161,2.80676,4.06987,1.77532,0.0018515,0.0018515,0.0018515
77,122.126,1.08155,0.92486,0.98106,0.00812,0.6087,0.06535,0.02172,2.73308,3.88559,1.70769,0.00184952,0.00184952,0.00184952
78,123.579,1.1153,0.88904,0.98796,0.01053,0.82609,0.52659,0.20525,2.48112,3.35191,1.60522,0.00184754,0.00184754,0.00184754
79,125.076,1.22468,0.96066,1.00197,0.87185,0.29668,0.58735,0.23397,2.43231,2.98844,1.53275,0.00184556,0.00184556,0.00184556
80,126.58,1.18205,0.94699,1.01066,0.87979,0.31934,0.64074,0.27695,2.20572,2.78323,1.48792,0.00184358,0.00184358,0.00184358
81,128.036,1.09588,0.89577,1.00924,0.83506,0.52174,0.81193,0.47964,1.73069,2.21626,1.36291,0.0018416,0.0018416,0.0018416
82,129.507,1.11304,0.91597,0.96021,0.863,0.52174,0.80897,0.38046,1.95371,2.27202,1.3638,0.00183962,0.00183962,0.00183962
83,130.961,1.09845,0.87714,0.95163,0.93379,0.61347,0.92347,0.57496,1.51076,1.93893,1.25025,0.00183764,0.00183764,0.00183764
84,132.43,1.20924,1.03428,1.07419,1,0.61261,0.95125,0.59884,1.49563,2.06963,1.21375,0.00183566,0.00183566,0.00183566
85,133.873,1.11508,0.87677,0.9487,1,0.7289,0.97845,0.56203,1.55286,1.78401,1.22209,0.00183368,0.00183368,0.00183368
86,135.324,1.22343,0.92705,1.01479,1,0.91308,0.995,0.62591,1.28513,1.4095,1.16763,0.0018317,0.0018317,0.0018317
87,136.731,1.08563,0.84576,0.96721,0.95668,0.96031,0.99333,0.6572,1.34043,1.22352,1.14356,0.00182972,0.00182972,0.00182972
88,138.184,1.15289,0.90586,0.97416,0.98388,0.95652,0.97859,0.64485,1.30363,1.13084,1.12778,0.00182774,0.00182774,0.00182774
89,139.658,1.05399,0.88344,0.97358,0.95476,0.95652,0.98342,0.69456,1.14413,1.17044,1.08511,0.00182576,0.00182576,0.00182576
90,141.12,1.06725,0.8519,0.95899,0.92825,0.95652,0.97951,0.71088,1.22342,1.10932,1.11503,0.00182378,0.00182378,0.00182378
91,142.581,0.9907,0.8312,0.97415,0.87018,0.95652,0.97033,0.6097,1.47506,1.04054,1.14676,0.0018218,0.0018218,0.0018218
92,144.03,1.13174,0.82264,0.99752,0.9642,0.95652,0.9918,0.69804,1.18489,0.83174,1.06798,0.00181982,0.00181982,0.00181982
93,145.526,1.03462,0.79445,0.94544,0.99603,0.95652,0.9918,0.74041,1.0658,0.7133,1.03266,0.00181784,0.00181784,0.00181784
94,146.967,0.97585,0.78168,0.95425,1,0.99007,0.995,0.71881,1.12091,0.72038,1.03754,0.00181586,0.00181586,0.00181586
95,148.402,1.00197,0.77868,0.94342,1,0.98898,0.995,0.74983,1.05042,0.69475,1.03973,0.00181388,0.00181388,0.00181388
96,149.831,0.97599,0.75903,0.96389,0.99563,0.95652,0.99333,0.62715,1.28996,0.75195,1.07911,0.0018119,0.0018119,0.0018119
97,151.276,1.09549,0.81108,0.96449,1,0.99124,0.995,0.75712,1.0332,0.74219,1.02801,0.00180992,0.00180992,0.00180992
98,152.732,0.95417,0.77691,0.9377,1,0.99528,0.995,0.67729,1.14302,0.77348,1.05652,0.00180794,0.00180794,0.00180794
99,154.164,0.98938,0.75468,0.92622,1,0.99941,0.995,0.70925,1.08322,0.7326,1.05155,0.00180596,0.00180596,0.00180596
100,155.588,0.96733,0.73351,0.93061,0.95275,1,0.98417,0.67696,1.07874,0.76522,1.06556,0.00180398,0.00180398,0.00180398
101,157.051,0.97949,0.80708,0.93778,0.95387,1,0.98792,0.72251,1.09644,0.75393,1.05443,0.001802,0.001802,0.001802
102,158.504,0.85352,0.69812,0.90862,1,0.99243,0.995,0.73981,1.04107,0.65973,1.03397,0.00180002,0.00180002,0.00180002
103,159.936,0.94847,0.73131,0.93943,1,0.99956,0.995,0.75149,0.95864,0.62346,1.00656,0.00179804,0.00179804,0.00179804
104,161.347,0.90513,0.77694,0.9375,0.95599,1,0.99333,0.73012,1.02447,0.69474,1.00617,0.00179606,0.00179606,0.00179606
105,162.782,0.97232,0.75101,0.93964,1,0.98527,0.995,0.69888,1.02637,0.66694,1.0089,0.00179408,0.00179408,0.00179408
106,164.248,0.94689,0.73977,0.92725,0.99564,1,0.995,0.73706,1.01831,0.6332,1.00439,0.0017921,0.0017921,0.0017921
107,165.706,0.97881,0.70861,0.93584,0.99769,1,0.995,0.72932,1.00017,0.6219,0.99521,0.00179012,0.00179012,0.00179012
108,167.157,1.02412,0.74434,0.96862,0.99896,1,0.995,0.75395,0.93764,0.6329,0.98172,0.00178814,0.00178814,0.00178814
109,168.586,1.0458,0.72956,0.9401,0.99371,1,0.995,0.73986,1.07491,0.63029,1.00147,0.00178616,0.00178616,0.00178616
110,170.064,0.99557,0.70723,0.93763,0.9972,1,0.995,0.73063,1.03004,0.59616,0.98336,0.00178418,0.00178418,0.00178418
111,171.506,0.96451,0.69663,0.92221,0.99602,1,0.995,0.75393,0.98917,0.58095,0.98116,0.0017822,0.0017822,0.0017822
112,172.923,0.93907,0.68705,0.93006,0.99557,1,0.995,0.7934,0.94609,0.59539,0.96593,0.00178022,0.00178022,0.00178022
113,174.369,0.96951,0.70965,0.92153,0.99694,1,0.995,0.72867,1.03064,0.59639,0.99986,0.00177824,0.00177824,0.00177824
114,175.812,0.86664,0.66195,0.92678,0.99778,1,0.995,0.75591,0.93518,0.60345,0.97254,0.00177626,0.00177626,0.00177626
115,177.24,0.92797,0.66081,0.94185,0.99796,1,0.995,0.74543,1.02073,0.60815,0.98652,0.00177428,0.00177428,0.00177428
116,178.689,0.95472,0.66798,0.91341,1,0.99567,0.995,0.73474,0.9641,0.60789,0.97636,0.0017723,0.0017723,0.0017723
117,180.168,0.86357,0.64781,0.92764,1,0.99626,0.995,0.72818,0.99331,0.60499,0.98691,0.00177032,0.00177032,0.00177032
118,181.654,0.88804,0.65151,0.92503,1,0.99665,0.995,0.75056,0.98103,0.5634,0.97584,0.00176834,0.00176834,0.00176834
119,183.083,0.88776,0.67708,0.91466,0.99852,1,0.995,0.76583,0.91132,0.57492,0.96399,0.00176636,0.00176636,0.00176636
120,184.511,0.82148,0.61763,0.89897,0.9997,1,0.995,0.74149,0.97788,0.58874,0.97259,0.00176438,0.00176438,0.00176438
121,185.921,0.87355,0.60781,0.90074,0.9977,1,0.995,0.77768,0.88618,0.55441,0.95258,0.0017624,0.0017624,0.0017624
122,187.323,0.90505,0.64917,0.90239,0.99715,1,0.995,0.78153,0.92093,0.61104,0.96074,0.00176042,0.00176042,0.00176042
123,188.771,0.84768,0.63323,0.89336,0.99479,1,0.995,0.74716,0.94305,0.6147,0.95785,0.00175844,0.00175844,0.00175844
124,190.213,0.87419,0.63856,0.91548,0.99627,1,0.995,0.76964,0.86929,0.58733,0.94969,0.00175646,0.00175646,0.00175646
125,191.633,0.84192,0.65404,0.89744,0.99651,1,0.995,0.7309,0.9632,0.57241,0.95801,0.00175448,0.00175448,0.00175448
126,193.023,0.86604,0.62196,0.91692,0.9966,1,0.995,0.77747,0.88009,0.55321,0.95631,0.0017525,0.0017525,0.0017525
127,194.513,0.86629,0.6061,0.90736,0.99691,1,0.995,0.79604,0.89582,0.5844,0.96235,0.00175052,0.00175052,0.00175052
128,195.971,0.93584,0.6482,0.95745,0.99504,1,0.995,0.76877,0.94076,0.55868,0.96225,0.00174854,0.00174854,0.00174854
129,197.44,0.86036,0.60104,0.91189,0.99676,1,0.995,0.73803,0.97992,0.59373,0.97421,0.00174656,0.00174656,0.00174656
130,198.883,0.92517,0.62221,0.90807,0.99689,1,0.995,0.75837,0.95993,0.60578,0.9682,0.00174458,0.00174458,0.00174458
131,200.363,0.93772,0.62597,0.92805,0.99409,1,0.995,0.73945,1.01218,0.59861,0.97788,0.0017426,0.0017426,0.0017426
132,201.814,0.87025,0.61524,0.93289,0.99511,1,0.995,0.71985,0.94024,0.61166,0.95107,0.00174062,0.00174062,0.00174062
133,203.278,0.95849,0.64845,0.94491,0.99474,1,0.995,0.7604,0.93724,0.57458,0.94741,0.00173864,0.00173864,0.00173864
134,204.725,0.87168,0.63708,0.93466,0.99573,1,0.995,0.76928,0.86062,0.57377,0.94478,0.00173666,0.00173666,0.00173666
135,206.188,0.85913,0.60283,0.91389,0.99628,1,0.995,0.76641,0.90841,0.54125,0.95241,0.00173468,0.00173468,0.00173468
136,207.659,0.84219,0.58312,0.87644,0.99595,1,0.995,0.76709,0.91473,0.56209,0.95594,0.0017327,0.0017327,0.0017327
137,209.152,0.78744,0.5816,0.89644,0.99647,1,0.995,0.77781,0.85072,0.54579,0.94471,0.00173072,0.00173072,0.00173072
138,210.612,0.87439,0.60111,0.89154,0.99661,1,0.995,0.77845,0.84401,0.54628,0.9465,0.00172874,0.00172874,0.00172874
139,212.08,0.82589,0.56834,0.88496,0.99667,1,0.995,0.78311,0.88052,0.53352,0.9508,0.00172676,0.00172676,0.00172676
140,213.54,0.8021,0.5358,0.89069,0.99686,1,0.995,0.76737,0.89648,0.51489,0.9565,0.00172478,0.00172478,0.00172478
141,215.127,0.8986,0.59924,0.91304,0.99689,1,0.995,0.7716,0.86836,0.52417,0.94752,0.0017228,0.0017228,0.0017228
142,216.585,0.87076,0.59423,0.88239,0.9966,1,0.995,0.76935,0.87258,0.52785,0.94822,0.00172082,0.00172082,0.00172082
143,218.033,0.81653,0.59258,0.88496,0.99696,1,0.995,0.76985,0.85353,0.52218,0.93608,0.00171884,0.00171884,0.00171884
144,219.477,0.87519,0.58029,0.93797,0.99697,1,0.995,0.70277,0.96185,0.53931,0.9577,0.00171686,0.00171686,0.00171686
145,220.921,0.80263,0.5627,0.87712,0.99518,1,0.995,0.76579,0.93257,0.54019,0.95588,0.00171488,0.00171488,0.00171488
146,222.36,0.86325,0.57387,0.8897,0.9956,1,0.995,0.73955,0.95732,0.54506,0.96977,0.0017129,0.0017129,0.0017129
147,223.844,0.87905,0.58121,0.90678,0.99625,1,0.995,0.7126,0.96202,0.57067,0.98117,0.00171092,0.00171092,0.00171092
148,225.288,0.82562,0.59202,0.89006,0.99284,1,0.995,0.75468,0.93045,0.56437,0.96079,0.00170894,0.00170894,0.00170894
149,226.713,0.84182,0.57074,0.92561,0.99276,1,0.995,0.75659,0.94292,0.54064,0.95733,0.00170696,0.00170696,0.00170696
150,228.177,0.82737,0.56824,0.88513,0.99853,1,0.995,0.76985,0.92561,0.57682,0.96008,0.00170498,0.00170498,0.00170498
151,229.692,0.87763,0.58635,0.93562,0.99542,1,0.995,0.78017,0.87587,0.55136,0.94953,0.001703,0.001703,0.001703
152,231.193,0.80426,0.57089,0.89989,0.99668,1,0.995,0.77033,0.90276,0.55409,0.94887,0.00170102,0.00170102,0.00170102
153,232.688,0.77518,0.54818,0.91167,0.99689,1,0.995,0.77011,0.88023,0.56939,0.93383,0.00169904,0.00169904,0.00169904
154,234.157,0.81414,0.55549,0.87253,0.99647,1,0.995,0.75112,0.88335,0.58532,0.93468,0.00169706,0.00169706,0.00169706
155,235.597,0.74681,0.52018,0.89474,0.99526,1,0.995,0.75452,0.92848,0.58641,0.94071,0.00169508,0.00169508,0.00169508
156,237.012,0.87267,0.57796,0.90628,0.99542,1,0.995,0.77023,0.87768,0.53902,0.92977,0.0016931,0.0016931,0.0016931
157,238.437,0.80167,0.56617,0.88696,0.99562,1,0.995,0.76293,0.85677,0.5319,0.93391,0.00169112,0.00169112,0.00169112
158,239.871,0.76444,0.52203,0.86458,0.9954,1,0.995,0.79526,0.89856,0.53397,0.94207,0.00168914,0.00168914,0.00168914
159,241.301,0.85743,0.59475,0.90001,0.99624,1,0.995,0.75689,1.05933,0.56343,0.98127,0.00168716,0.00168716,0.00168716
160,242.729,0.88694,0.5715,0.93071,0.99418,1,0.995,0.77088,0.92795,0.54029,0.94689,0.00168518,0.00168518,0.00168518
161,244.135,0.83196,0.58035,0.91217,0.99581,1,0.995,0.78218,0.84835,0.52621,0.93667,0.0016832,0.0016832,0.0016832
162,245.612,0.89236,0.58475,0.92391,0.99574,1,0.995,0.7935,0.90508,0.53533,0.94753,0.00168122,0.00168122,0.00168122
163,247.067,0.8369,0.56119,0.91225,0.99467,1,0.995,0.78939,0.8396,0.52653,0.93498,0.00167924,0.00167924,0.00167924
164,248.477,0.79562,0.54292,0.87128,0.99606,1,0.995,0.77169,0.97903,0.549,0.95783,0.00167726,0.00167726,0.00167726
165,249.964,0.81918,0.54747,0.89341,0.99575,1,0.995,0.76593,0.89686,0.51683,0.94049,0.00167528,0.00167528,0.00167528
166,251.402,0.83798,0.56602,0.89147,0.99573,1,0.995,0.76962,0.86583,0.51834,0.93932,0.0016733,0.0016733,0.0016733
167,252.872,0.75986,0.5397,0.89734,0.99631,1,0.995,0.78455,0.80802,0.50376,0.92398,0.00167132,0.00167132,0.00167132
168,254.35,0.7794,0.51719,0.90596,0.99574,1,0.995,0.79222,0.80002,0.48593,0.92,0.00166934,0.00166934,0.00166934
169,255.828,0.73535,0.51481,0.88687,0.99647,1,0.995,0.7955,0.83758,0.52149,0.9287,0.00166736,0.00166736,0.00166736
170,257.282,0.73264,0.51282,0.88507,0.99534,1,0.995,0.80368,0.80204,0.52958,0.92206,0.00166538,0.00166538,0.00166538
171,258.725,0.78339,0.53593,0.89436,0.99588,1,0.995,0.77903,0.87349,0.5575,0.93171,0.0016634,0.0016634,0.0016634
172,260.182,0.80291,0.52048,0.89128,0.99377,1,0.995,0.78873,0.88893,0.5938,0.9354,0.00166142,0.00166142,0.00166142
173,261.681,0.80594,0.53488,0.89661,0.99623,1,0.995,0.79984,0.85149,0.54012,0.9347,0.00165944,0.00165944,0.00165944
174,263.138,0.78043,0.52753,0.90806,0.99609,1,0.995,0.81827,0.7735,0.49705,0.91574,0.00165746,0.00165746,0.00165746
175,264.597,0.7116,0.48986,0.87919,0.99679,1,0.995,0.84902,0.72818,0.46465,0.91026,0.00165548,0.00165548,0.00165548
176,266.022,0.72379,0.48182,0.87847,0.9969,1,0.995,0.83324,0.77253,0.47686,0.92183,0.0016535,0.0016535,0.0016535
177,267.446,0.77385,0.47459,0.88762,0.99633,1,0.995,0.81678,0.75972,0.47856,0.92122,0.00165152,0.00165152,0.00165152
178,268.884,0.81997,0.56479,0.90427,0.99538,1,0.995,0.73599,0.94951,0.55345,0.95178,0.00164954,0.00164954,0.00164954
179,270.351,0.78477,0.52354,0.89828,0.99601,1,0.995,0.72453,0.95399,0.51536,0.9599,0.00164756,0.00164756,0.00164756
180,271.819,0.80331,0.53357,0.88952,0.99717,1,0.995,0.80534,0.79742,0.48828,0.92027,0.00164558,0.00164558,0.00164558
181,273.292,0.79705,0.52001,0.87619,0.9954,1,0.995,0.79879,0.80968,0.50559,0.91978,0.0016436,0.0016436,0.0016436
182,274.75,0.77697,0.52135,0.87136,0.99725,1,0.995,0.76388,0.91378,0.54866,0.94334,0.00164162,0.00164162,0.00164162
183,276.186,0.81463,0.53469,0.87554,0.99696,1,0.995,0.7974,0.80778,0.50667,0.91733,0.00163964,0.00163964,0.00163964
184,277.643,0.75125,0.53079,0.87402,0.99322,1,0.995,0.79068,0.83553,0.49645,0.92109,0.00163766,0.00163766,0.00163766
185,279.083,0.77568,0.496,0.84915,0.99667,1,0.995,0.79806,0.83498,0.5096,0.93039,0.00163568,0.00163568,0.00163568
186,280.519,0.7553,0.51547,0.89066,0.99727,1,0.995,0.79327,0.81622,0.45229,0.92388,0.0016337,0.0016337,0.0016337
187,281.971,0.83707,0.52489,0.86997,0.99717,1,0.995,0.75093,0.95414,0.52339,0.95293,0.00163172,0.00163172,0.00163172
188,283.428,0.81207,0.49386,0.87668,0.99712,1,0.995,0.74201,0.97769,0.53097,0.96994,0.00162974,0.00162974,0.00162974
189,284.852,0.80484,0.5044,0.87512,0.99627,1,0.995,0.71324,1.03082,0.5999,0.98672,0.00162776,0.00162776,0.00162776
190,286.304,0.87208,0.51315,0.89971,0.99603,1,0.995,0.7424,0.9993,0.59721,0.96566,0.00162578,0.00162578,0.00162578
191,287.78,0.80724,0.54344,0.89492,0.99632,1,0.995,0.72161,0.92282,0.55818,0.94089,0.0016238,0.0016238,0.0016238
192,289.273,0.84388,0.54495,0.90466,0.99672,1,0.995,0.76771,0.88357,0.49409,0.93875,0.00162182,0.00162182,0.00162182
193,290.743,0.76036,0.50447,0.86072,0.99709,1,0.995,0.76992,0.92053,0.48269,0.93648,0.00161984,0.00161984,0.00161984
194,292.197,0.7944,0.51802,0.89549,0.99669,1,0.995,0.78672,0.87298,0.5137,0.93456,0.00161786,0.00161786,0.00161786
195,293.662,0.76447,0.49692,0.88273,0.99659,1,0.995,0.74447,0.94555,0.53813,0.95559,0.00161588,0.00161588,0.00161588
196,295.137,0.76961,0.51972,0.87911,0.99642,1,0.995,0.74726,0.96786,0.56123,0.94594,0.0016139,0.0016139,0.0016139
197,296.578,0.85544,0.55004,0.88039,0.99657,1,0.995,0.77414,0.87802,0.51319,0.93284,0.00161192,0.00161192,0.00161192
198,298.023,0.78171,0.48671,0.86905,0.99684,1,0.995,0.73709,0.90289,0.50226,0.94118,0.00160994,0.00160994,0.00160994
199,299.472,0.79554,0.49976,0.87566,0.99646,1,0.995,0.77094,0.88996,0.51305,0.92937,0.00160796,0.00160796,0.00160796
200,300.899,0.78539,0.50869,0.89087,0.99631,1,0.995,0.80979,0.81496,0.50123,0.91805,0.00160598,0.00160598,0.00160598
201,302.359,0.76694,0.52859,0.87558,0.99699,1,0.995,0.80213,0.84909,0.50933,0.92669,0.001604,0.001604,0.001604
202,303.832,0.76223,0.50933,0.87762,0.99695,1,0.995,0.8228,0.85478,0.47165,0.92004,0.00160202,0.00160202,0.00160202
203,305.266,0.76678,0.48622,0.86729,0.99666,1,0.995,0.82565,0.80601,0.49536,0.91749,0.00160004,0.00160004,0.00160004
204,306.729,0.78141,0.50931,0.87975,0.9969,1,0.995,0.78685,0.81934,0.51485,0.92553,0.00159806,0.00159806,0.00159806
205,308.172,0.73694,0.48609,0.89939,0.99654,1,0.995,0.79773,0.81191,0.47506,0.91918,0.00159608,0.00159608,0.00159608
206,309.601,0.73627,0.50271,0.87626,0.99706,1,0.995,0.76697,0.84477,0.50886,0.92851,0.0015941,0.0015941,0.0015941
207,311.044,0.74883,0.48325,0.86434,0.99713,1,0.995,0.78119,0.816,0.48018,0.91778,0.00159212,0.00159212,0.00159212
208,312.527,0.69683,0.46888,0.85978,0.99711,1,0.995,0.80038,0.83443,0.47807,0.92372,0.00159014,0.00159014,0.00159014
209,313.972,0.71258,0.48099,0.88316,0.99667,1,0.995,0.83486,0.79628,0.47612,0.91946,0.00158816,0.00158816,0.00158816
210,315.432,0.73018,0.46259,0.87813,0.99689,1,0.995,0.8145,0.75917,0.46304,0.91004,0.00158618,0.00158618,0.00158618
211,316.914,0.75041,0.47036,0.88748,0.99717,1,0.995,0.81534,0.76609,0.47047,0.91428,0.0015842,0.0015842,0.0015842
212,318.421,0.73478,0.48195,0.86649,0.99688,1,0.995,0.79196,0.77216,0.49487,0.90879,0.00158222,0.00158222,0.00158222
213,319.884,0.72176,0.49192,0.89122,0.99704,1,0.995,0.80566,0.80048,0.4752,0.91559,0.00158024,0.00158024,0.00158024
214,321.373,0.7971,0.47989,0.85415,0.99663,1,0.995,0.75378,0.84558,0.50945,0.93071,0.00157826,0.00157826,0.00157826
215,322.801,0.7372,0.48645,0.88562,0.99652,1,0.995,0.79224,0.8321,0.48266,0.92757,0.00157628,0.00157628,0.00157628
216,324.261,0.76273,0.47799,0.89195,0.99592,1,0.995,0.81352,0.77991,0.475,0.91577,0.0015743,0.0015743,0.0015743
217,325.707,0.69382,0.46256,0.85813,0.99705,1,0.995,0.77512,0.86676,0.51211,0.92973,0.00157232,0.00157232,0.00157232
218,327.169,0.75344,0.49311,0.87624,0.99662,1,0.995,0.76488,0.90594,0.50025,0.94052,0.00157034,0.00157034,0.00157034
219,328.588,0.67301,0.47103,0.86426,0.99743,1,0.995,0.73523,0.97325,0.54393,0.96083,0.00156836,0.00156836,0.00156836
220,330.049,0.87048,0.52562,0.88305,0.99492,1,0.995,0.73725,0.98854,0.58521,0.96179,0.00156638,0.00156638,0.00156638
221,331.525,0.76956,0.48414,0.87129,0.99397,1,0.995,0.75568,0.92879,0.54521,0.94713,0.0015644,0.0015644,0.0015644
222,332.96,0.73651,0.48528,0.87653,0.99571,1,0.995,0.78963,0.81625,0.5315,0.92001,0.00156242,0.00156242,0.00156242
223,334.383,0.71501,0.49267,0.87106,0.99635,1,0.995,0.81469,0.83809,0.47869,0.92578,0.00156044,0.00156044,0.00156044
224,335.825,0.72851,0.45243,0.86872,0.99661,1,0.995,0.77464,0.77722,0.47187,0.91438,0.00155846,0.00155846,0.00155846
225,337.311,0.77301,0.47251,0.85816,0.99708,1,0.995,0.79749,0.74792,0.46234,0.90641,0.00155648,0.00155648,0.00155648
226,338.748,0.73726,0.47083,0.8751,0.99729,1,0.995,0.76923,0.90056,0.47581,0.9365,0.0015545,0.0015545,0.0015545
227,340.201,0.77886,0.4938,0.87795,0.99715,1,0.995,0.76967,0.89875,0.52417,0.93892,0.00155252,0.00155252,0.00155252
228,341.645,0.81797,0.51685,0.89031,0.99707,1,0.995,0.76079,0.94168,0.50467,0.94124,0.00155054,0.00155054,0.00155054
229,343.103,0.77008,0.47849,0.85187,0.99717,1,0.995,0.79087,0.90178,0.49087,0.93704,0.00154856,0.00154856,0.00154856
230,344.569,0.83607,0.47853,0.87793,0.99731,1,0.995,0.8195,0.82048,0.4705,0.9273,0.00154658,0.00154658,0.00154658
231,346.033,0.73441,0.47354,0.86439,0.99736,1,0.995,0.78663,0.82762,0.47364,0.91686,0.0015446,0.0015446,0.0015446
232,347.501,0.7667,0.45791,0.87117,0.99705,1,0.995,0.82161,0.7877,0.46382,0.9175,0.00154262,0.00154262,0.00154262
233,348.983,0.76675,0.46859,0.88039,0.99706,1,0.995,0.79834,0.79801,0.45796,0.92257,0.00154064,0.00154064,0.00154064
234,350.445,0.74908,0.46257,0.87344,0.99698,1,0.995,0.76796,0.89259,0.49171,0.93587,0.00153866,0.00153866,0.00153866
235,351.891,0.74949,0.47473,0.86207,0.99686,1,0.995,0.85039,0.73846,0.45813,0.90751,0.00153668,0.00153668,0.00153668
236,353.381,0.7435,0.46777,0.87696,0.99673,1,0.995,0.81908,0.73058,0.4371,0.90653,0.0015347,0.0015347,0.0015347
237,354.821,0.70437,0.45557,0.8703,0.99674,1,0.995,0.77054,0.85586,0.47364,0.92324,0.00153272,0.00153272,0.00153272
238,356.249,0.68352,0.43558,0.85008,0.99689,1,0.995,0.8003,0.74953,0.43757,0.91429,0.00153074,0.00153074,0.00153074
239,357.704,0.75478,0.46336,0.87584,0.99625,1,0.995,0.82714,0.74408,0.45605,0.91256,0.00152876,0.00152876,0.00152876
240,359.154,0.64993,0.4457,0.88241,0.99719,1,0.995,0.80773,0.74103,0.42168,0.90785,0.00152678,0.00152678,0.00152678
241,360.6,0.72846,0.43883,0.84842,0.99729,1,0.995,0.84833,0.75354,0.45342,0.90928,0.0015248,0.0015248,0.0015248
242,362.06,0.74668,0.45935,0.87441,0.99739,1,0.995,0.85001,0.73204,0.45095,0.90667,0.00152282,0.00152282,0.00152282
243,363.49,0.68766,0.44255,0.86259,0.99637,1,0.995,0.82369,0.76737,0.47318,0.91585,0.00152084,0.00152084,0.00152084
244,364.915,0.6819,0.45098,0.86514,0.99451,1,0.995,0.81438,0.76631,0.47139,0.91771,0.00151886,0.00151886,0.00151886
245,366.365,0.72098,0.45809,0.86377,0.99605,1,0.995,0.81279,0.76598,0.44882,0.91435,0.00151688,0.00151688,0.00151688
246,367.796,0.66334,0.4481,0.88053,0.99747,1,0.995,0.82763,0.72334,0.43067,0.90802,0.0015149,0.0015149,0.0015149
247,369.235,0.70432,0.44621,0.86153,0.99734,1,0.995,0.78936,0.85645,0.48443,0.93503,0.00151292,0.00151292,0.00151292
248,370.674,0.76114,0.47486,0.89257,0.99729,1,0.995,0.78605,0.82039,0.45988,0.92889,0.00151094,0.00151094,0.00151094
249,372.119,0.70429,0.45639,0.86491,0.9974,1,0.995,0.80343,0.77953,0.4708,0.9208,0.00150896,0.00150896,0.00150896
250,373.585,0.71596,0.47292,0.85115,0.9972,1,0.995,0.7806,0.82832,0.50066,0.92689,0.00150698,0.00150698,0.00150698
251,375.066,0.73683,0.4814,0.8863,0.99723,1,0.995,0.80881,0.81273,0.43896,0.91957,0.001505,0.001505,0.001505
252,376.502,0.6675,0.44017,0.82914,0.99624,1,0.995,0.8048,0.77009,0.4421,0.91286,0.00150302,0.00150302,0.00150302
253,377.935,0.74444,0.47092,0.85796,0.9947,1,0.995,0.76995,0.86123,0.48669,0.93184,0.00150104,0.00150104,0.00150104
254,379.381,0.72582,0.46985,0.88382,0.99474,1,0.995,0.79525,0.80544,0.46844,0.91787,0.00149906,0.00149906,0.00149906
255,380.825,0.74338,0.4634,0.87829,0.99642,1,0.995,0.8007,0.77026,0.4485,0.91651,0.00149708,0.00149708,0.00149708
256,382.252,0.74364,0.46235,0.84147,0.99655,1,0.995,0.81049,0.85661,0.44681,0.93354,0.0014951,0.0014951,0.0014951
257,383.702,0.73205,0.46394,0.86859,0.99678,1,0.995,0.84189,0.7408,0.45019,0.90784,0.00149312,0.00149312,0.00149312
258,385.163,0.6931,0.43724,0.84787,0.99692,1,0.995,0.82909,0.72812,0.43727,0.90081,0.00149114,0.00149114,0.00149114
259,386.616,0.70952,0.45696,0.8503,0.99622,1,0.995,0.80073,0.78132,0.50349,0.90666,0.00148916,0.00148916,0.00148916
260,388.041,0.70174,0.46174,0.87077,0.99528,1,0.995,0.78865,0.77133,0.55626,0.90569,0.00148718,0.00148718,0.00148718
261,389.48,0.69117,0.48297,0.86364,0.99461,1,0.995,0.78134,0.82083,0.5397,0.91389,0.0014852,0.0014852,0.0014852
262,390.952,0.65835,0.44843,0.86452,0.99611,1,0.995,0.82063,0.76716,0.45005,0.90944,0.00148322,0.00148322,0.00148322
263,392.394,0.6413,0.42098,0.84221,0.99662,1,0.995,0.82071,0.75164,0.4562,0.89953,0.00148124,0.00148124,0.00148124
264,393.822,0.67066,0.44162,0.84297,0.99535,1,0.995,0.75133,0.96705,0.50313,0.94474,0.00147926,0.00147926,0.00147926
265,395.297,0.79925,0.48203,0.87656,0.99592,1,0.995,0.77881,0.85755,0.49923,0.92859,0.00147728,0.00147728,0.00147728
266,396.75,0.73911,0.47352,0.86243,0.99566,1,0.995,0.73924,0.93401,0.57622,0.93268,0.0014753,0.0014753,0.0014753
267,398.195,0.78553,0.47368,0.86479,0.99674,1,0.995,0.75707,0.91543,0.55838,0.93498,0.00147332,0.00147332,0.00147332
268,399.69,0.72165,0.46197,0.84736,0.99731,1,0.995,0.76082,0.9447,0.48396,0.93814,0.00147134,0.00147134,0.00147134
269,401.107,0.76213,0.47214,0.86076,0.99644,1,0.995,0.7674,0.89944,0.49524,0.93697,0.00146936,0.00146936,0.00146936
270,402.559,0.68968,0.43851,0.85315,0.99633,1,0.995,0.78278,0.82901,0.48213,0.92349,0.00146738,0.00146738,0.00146738
271,404.039,0.73727,0.48328,0.86512,0.99603,1,0.995,0.81457,0.78998,0.4836,0.9136,0.0014654,0.0014654,0.0014654
272,405.469,0.73406,0.46042,0.85998,0.99674,1,0.995,0.84826,0.73336,0.44604,0.90478,0.00146342,0.00146342,0.00146342
273,406.93,0.65957,0.44611,0.83333,0.99715,1,0.995,0.83069,0.74076,0.42507,0.90626,0.00146144,0.00146144,0.00146144
274,408.422,0.64153,0.43772,0.84477,0.9973,1,0.995,0.82356,0.77405,0.4548,0.91228,0.00145946,0.00145946,0.00145946
275,409.902,0.74024,0.43485,0.8881,0.99739,1,0.995,0.82228,0.72495,0.43184,0.90371,0.00145748,0.00145748,0.00145748
276,411.353,0.69361,0.44917,0.85757,0.99705,1,0.995,0.81445,0.75247,0.44371,0.90479,0.0014555,0.0014555,0.0014555
277,412.843,0.62579,0.42215,0.84448,0.99716,1,0.995,0.81973,0.72928,0.42502,0.90203,0.00145352,0.00145352,0.00145352
278,414.336,0.65373,0.43952,0.84062,0.99717,1,0.995,0.82053,0.70803,0.41073,0.89705,0.00145154,0.00145154,0.00145154
279,415.8,0.71307,0.4528,0.85918,0.99727,1,0.995,0.83555,0.69258,0.421,0.89357,0.00144956,0.00144956,0.00144956
280,417.282,0.66515,0.44048,0.86112,0.99662,1,0.995,0.82472,0.76454,0.43461,0.90172,0.00144758,0.00144758,0.00144758
281,418.744,0.70238,0.43774,0.86484,0.99702,1,0.995,0.83123,0.74981,0.44073,0.90427,0.0014456,0.0014456,0.0014456
282,420.21,0.66849,0.44171,0.85139,0.99722,1,0.995,0.81211,0.77672,0.43639,0.91388,0.00144362,0.00144362,0.00144362
283,421.686,0.65527,0.41525,0.8318,0.99722,1,0.995,0.84055,0.76732,0.43158,0.91374,0.00144164,0.00144164,0.00144164
284,423.139,0.66332,0.42161,0.83846,0.99722,1,0.995,0.82846,0.73211,0.46145,0.8986,0.00143966,0.00143966,0.00143966
285,424.584,0.6364,0.42105,0.83738,0.99669,1,0.995,0.82913,0.71418,0.43774,0.90407,0.00143768,0.00143768,0.00143768
286,426.034,0.75376,0.43761,0.88244,0.99474,1,0.995,0.82028,0.74552,0.42724,0.9062,0.0014357,0.0014357,0.0014357
287,427.468,0.67973,0.43201,0.85303,0.99653,1,0.995,0.81742,0.68983,0.4275,0.89275,0.00143372,0.00143372,0.00143372
288,428.9,0.67536,0.43283,0.85927,0.99658,1,0.995,0.82694,0.73874,0.4624,0.89835,0.00143174,0.00143174,0.00143174
289,430.338,0.68131,0.44499,0.86903,0.99716,1,0.995,0.84179,0.74612,0.43984,0.89973,0.00142976,0.00142976,0.00142976
290,431.776,0.69828,0.46622,0.87079,0.99727,1,0.995,0.82219,0.73762,0.40432,0.90042,0.00142778,0.00142778,0.00142778
291,433.24,0.67845,0.42562,0.84424,0.99752,1,0.995,0.81366,0.81618,0.4372,0.91779,0.0014258,0.0014258,0.0014258
292,434.662,0.67448,0.43455,0.85539,0.99742,1,0.995,0.85066,0.73561,0.44046,0.90325,0.00142382,0.00142382,0.00142382
293,436.111,0.70112,0.44778,0.8753,0.99749,1,0.995,0.83198,0.69806,0.4179,0.89236,0.00142184,0.00142184,0.00142184
294,437.58,0.68121,0.42993,0.88727,0.99724,1,0.995,0.78361,0.81179,0.43942,0.91729,0.00141986,0.00141986,0.00141986
295,439.051,0.65935,0.42779,0.84881,0.99539,1,0.995,0.76055,0.86168,0.48295,0.92437,0.00141788,0.00141788,0.00141788
296,440.491,0.71607,0.42107,0.84976,0.99648,1,0.995,0.78502,0.82896,0.48659,0.91928,0.0014159,0.0014159,0.0014159
297,441.976,0.63685,0.41847,0.83634,0.99701,1,0.995,0.81207,0.80924,0.46691,0.91444,0.00141392,0.00141392,0.00141392
298,443.425,0.63167,0.42769,0.85554,0.99757,1,0.995,0.84235,0.68631,0.42512,0.89169,0.00141194,0.00141194,0.00141194
299,444.865,0.6625,0.4128,0.83385,0.99737,1,0.995,0.82576,0.75981,0.48131,0.90853,0.00140996,0.00140996,0.00140996
300,446.336,0.6433,0.43745,0.85818,0.99731,1,0.995,0.80703,0.77319,0.46457,0.91061,0.00140798,0.00140798,0.00140798
301,447.823,0.67707,0.41474,0.85367,0.99701,1,0.995,0.80746,0.74911,0.43151,0.90625,0.001406,0.001406,0.001406
302,449.256,0.67679,0.41774,0.84745,0.99647,1,0.995,0.8046,0.75442,0.45009,0.90934,0.00140402,0.00140402,0.00140402
303,450.701,0.63957,0.429,0.85393,0.99628,1,0.995,0.80294,0.7702,0.46128,0.91661,0.00140204,0.00140204,0.00140204
304,452.159,0.63561,0.42112,0.86719,0.99663,1,0.995,0.81791,0.72812,0.43805,0.9111,0.00140006,0.00140006,0.00140006
305,453.619,0.67156,0.43465,0.85305,0.99696,1,0.995,0.82808,0.76818,0.42914,0.91415,0.00139808,0.00139808,0.00139808
306,455.054,0.7266,0.44028,0.87358,0.99681,1,0.995,0.83311,0.76351,0.42491,0.9097,0.0013961,0.0013961,0.0013961
307,456.485,0.66888,0.43506,0.83422,0.99652,1,0.995,0.8441,0.68909,0.42872,0.89875,0.00139412,0.00139412,0.00139412
308,457.916,0.69428,0.41298,0.87111,0.99208,1,0.995,0.84207,0.7009,0.46112,0.89637,0.00139214,0.00139214,0.00139214
309,459.362,0.68666,0.43323,0.85255,0.99112,1,0.995,0.83017,0.733,0.48013,0.90455,0.00139016,0.00139016,0.00139016
310,460.78,0.68243,0.44169,0.8639,0.9941,1,0.995,0.83333,0.69372,0.43795,0.899,0.00138818,0.00138818,0.00138818
311,462.194,0.64278,0.42585,0.85571,0.99435,1,0.995,0.82417,0.73156,0.41657,0.90312,0.0013862,0.0013862,0.0013862
312,463.64,0.65544,0.43337,0.8781,0.995,1,0.995,0.81465,0.81286,0.44062,0.92146,0.00138422,0.00138422,0.00138422
313,465.056,0.62221,0.39995,0.86995,0.9968,1,0.995,0.80901,0.7968,0.46018,0.91418,0.00138224,0.00138224,0.00138224
314,466.524,0.67143,0.42968,0.87531,0.99758,1,0.995,0.78893,0.85176,0.48962,0.92615,0.00138026,0.00138026,0.00138026
315,467.961,0.63927,0.41573,0.85425,0.99626,1,0.995,0.80314,0.81147,0.45678,0.92059,0.00137828,0.00137828,0.00137828
316,469.413,0.65562,0.39922,0.84594,0.99597,1,0.995,0.80737,0.75624,0.46525,0.90258,0.0013763,0.0013763,0.0013763
317,470.857,0.67663,0.42902,0.87342,0.99708,1,0.995,0.7993,0.7793,0.4616,0.90769,0.00137432,0.00137432,0.00137432
318,472.331,0.67323,0.43105,0.84571,0.99713,1,0.995,0.83451,0.71275,0.43039,0.89758,0.00137234,0.00137234,0.00137234
319,473.805,0.7075,0.44015,0.85618,0.99707,1,0.995,0.82687,0.72125,0.43629,0.89742,0.00137036,0.00137036,0.00137036
320,475.288,0.68141,0.44206,0.83182,0.99687,1,0.995,0.84038,0.77928,0.44263,0.90187,0.00136838,0.00136838,0.00136838
321,476.722,0.61147,0.41322,0.83303,0.99732,1,0.995,0.84152,0.66881,0.42483,0.89323,0.0013664,0.0013664,0.0013664
322,478.156,0.60025,0.39499,0.84898,0.9971,1,0.995,0.85434,0.71399,0.43723,0.90015,0.00136442,0.00136442,0.00136442
323,479.627,0.63945,0.42461,0.85845,0.99718,1,0.995,0.83252,0.73708,0.45897,0.90067,0.00136244,0.00136244,0.00136244
324,481.084,0.6469,0.4039,0.84525,0.99719,1,0.995,0.82925,0.69957,0.39849,0.89599,0.00136046,0.00136046,0.00136046
325,482.511,0.63144,0.39756,0.83443,0.99727,1,0.995,0.81143,0.70293,0.42402,0.89783,0.00135848,0.00135848,0.00135848
326,483.972,0.61334,0.39405,0.83688,0.99728,1,0.995,0.81444,0.71239,0.42138,0.89785,0.0013565,0.0013565,0.0013565
327,485.4,0.65297,0.41746,0.86019,0.99732,1,0.995,0.82077,0.68067,0.40242,0.89685,0.00135452,0.00135452,0.00135452
328,486.861,0.67531,0.42127,0.84408,0.99728,1,0.995,0.80401,0.71462,0.41873,0.90265,0.00135254,0.00135254,0.00135254
329,488.303,0.63185,0.41279,0.85807,0.99705,1,0.995,0.82418,0.7585,0.4195,0.90749,0.00135056,0.00135056,0.00135056
330,489.726,0.63476,0.40922,0.85729,0.99733,1,0.995,0.85815,0.66519,0.38847,0.89879,0.00134858,0.00134858,0.00134858
331,491.168,0.61533,0.40475,0.8371,0.99743,1,0.995,0.8542,0.67203,0.38926,0.8937,0.0013466,0.0013466,0.0013466
332,492.591,0.65042,0.39838,0.82526,0.99757,1,0.995,0.81167,0.73791,0.41006,0.90245,0.00134462,0.00134462,0.00134462
333,494.026,0.65864,0.40523,0.8514,0.99759,1,0.995,0.79139,0.8211,0.4257,0.9262,0.00134264,0.00134264,0.00134264
334,495.471,0.70257,0.42488,0.86369,0.99748,1,0.995,0.78509,0.84509,0.42416,0.92565,0.00134066,0.00134066,0.00134066
335,496.897,0.69182,0.42541,0.85989,0.9972,1,0.995,0.8264,0.73157,0.42667,0.90455,0.00133868,0.00133868,0.00133868
336,498.35,0.69739,0.43549,0.85848,0.99716,1,0.995,0.81952,0.73999,0.46852,0.89862,0.0013367,0.0013367,0.0013367
337,499.791,0.70172,0.43797,0.85894,0.9971,1,0.995,0.80541,0.84441,0.4923,0.92387,0.00133472,0.00133472,0.00133472
338,501.247,0.67728,0.42101,0.83886,0.99103,1,0.995,0.83869,0.73113,0.46897,0.90111,0.00133274,0.00133274,0.00133274
339,502.689,0.68687,0.45508,0.87483,0.98604,1,0.995,0.82662,0.74775,0.44131,0.90203,0.00133076,0.00133076,0.00133076
340,504.156,0.6021,0.41461,0.86027,0.9975,1,0.995,0.8271,0.73084,0.40323,0.89672,0.00132878,0.00132878,0.00132878
341,505.606,0.67328,0.40495,0.84653,0.99747,1,0.995,0.83234,0.74659,0.4186,0.90046,0.0013268,0.0013268,0.0013268
342,507.032,0.6174,0.40507,0.83682,0.99739,1,0.995,0.8151,0.73874,0.40856,0.89669,0.00132482,0.00132482,0.00132482
343,508.484,0.63431,0.3851,0.85831,0.99741,1,0.995,0.82545,0.72869,0.42956,0.89728,0.00132284,0.00132284,0.00132284
344,509.935,0.61233,0.40244,0.846,0.99748,1,0.995,0.86543,0.66444,0.41046,0.88509,0.00132086,0.00132086,0.00132086
345,511.393,0.60548,0.37532,0.84006,0.99747,1,0.995,0.85395,0.7316,0.39994,0.89843,0.00131888,0.00131888,0.00131888
346,512.801,0.63281,0.40699,0.85704,0.99732,1,0.995,0.86281,0.64086,0.39111,0.88528,0.0013169,0.0013169,0.0013169
347,514.265,0.68013,0.42739,0.84224,0.99728,1,0.995,0.84101,0.68602,0.41974,0.8922,0.00131492,0.00131492,0.00131492
348,515.675,0.62679,0.40612,0.82103,0.99734,1,0.995,0.86749,0.674,0.39737,0.89577,0.00131294,0.00131294,0.00131294
349,517.135,0.62896,0.38387,0.84353,0.99736,1,0.995,0.85575,0.65355,0.38491,0.88713,0.00131096,0.00131096,0.00131096
350,518.555,0.61011,0.39213,0.84629,0.99718,1,0.995,0.84585,0.68472,0.40455,0.89308,0.00130898,0.00130898,0.00130898
351,520.008,0.63161,0.41035,0.85239,0.99672,1,0.995,0.84572,0.65674,0.36881,0.89193,0.001307,0.001307,0.001307
352,521.446,0.57214,0.36608,0.85219,0.99579,1,0.995,0.84846,0.65544,0.38916,0.88718,0.00130502,0.00130502,0.00130502
353,522.935,0.67015,0.41441,0.85182,0.99399,1,0.995,0.84198,0.70282,0.41361,0.894,0.00130304,0.00130304,0.00130304
354,524.39,0.61044,0.40579,0.85333,0.99392,1,0.995,0.84939,0.6715,0.39899,0.89307,0.00130106,0.00130106,0.00130106
355,525.847,0.62746,0.41406,0.84226,0.99488,1,0.995,0.84467,0.70048,0.40376,0.8948,0.00129908,0.00129908,0.00129908
356,527.325,0.65443,0.40929,0.85882,0.99633,1,0.995,0.8286,0.76038,0.42272,0.89806,0.0012971,0.0012971,0.0012971
357,528.779,0.59724,0.38563,0.84262,0.99715,1,0.995,0.84268,0.71964,0.40825,0.88834,0.00129512,0.00129512,0.00129512
358,530.25,0.62674,0.38898,0.82995,0.99169,1,0.995,0.84567,0.69383,0.42161,0.88638,0.00129314,0.00129314,0.00129314
359,531.725,0.66466,0.40507,0.86641,0.9972,1,0.995,0.81714,0.7257,0.41832,0.89574,0.00129116,0.00129116,0.00129116
360,533.208,0.63122,0.38787,0.83937,0.99727,1,0.995,0.82029,0.75787,0.39819,0.90264,0.00128918,0.00128918,0.00128918
361,534.636,0.57039,0.38391,0.83882,0.99739,1,0.995,0.82097,0.72006,0.40348,0.89693,0.0012872,0.0012872,0.0012872
362,536.065,0.60431,0.37662,0.84971,0.99735,1,0.995,0.81261,0.74308,0.40049,0.8944,0.00128522,0.00128522,0.00128522
363,537.528,0.65227,0.40567,0.86263,0.99669,1,0.995,0.78974,0.7852,0.45912,0.90583,0.00128324,0.00128324,0.00128324
364,538.976,0.63079,0.4048,0.8654,0.99602,1,0.995,0.82826,0.72863,0.41303,0.89329,0.00128126,0.00128126,0.00128126
365,540.414,0.63114,0.40845,0.85396,0.99678,1,0.995,0.84029,0.69932,0.39746,0.88979,0.00127928,0.00127928,0.00127928
366,541.849,0.61037,0.39257,0.84951,0.99701,1,0.995,0.84887,0.7141,0.40065,0.89679,0.0012773,0.0012773,0.0012773
367,543.315,0.59856,0.3862,0.86672,0.99611,1,0.995,0.85195,0.66258,0.40094,0.88848,0.00127532,0.00127532,0.00127532
368,544.772,0.57492,0.38259,0.844,0.99543,1,0.995,0.83624,0.6932,0.41925,0.89357,0.00127334,0.00127334,0.00127334
369,546.235,0.58233,0.38895,0.83694,0.99445,1,0.995,0.81673,0.74733,0.46329,0.90188,0.00127136,0.00127136,0.00127136
370,547.723,0.59604,0.39528,0.85474,0.99687,1,0.995,0.83155,0.71404,0.40625,0.8964,0.00126938,0.00126938,0.00126938
371,549.151,0.58638,0.39232,0.85662,0.99721,1,0.995,0.83196,0.73204,0.40926,0.8944,0.0012674,0.0012674,0.0012674
372,550.624,0.5946,0.37507,0.82454,0.99741,1,0.995,0.84536,0.7217,0.42976,0.89578,0.00126542,0.00126542,0.00126542
373,552.082,0.64205,0.38818,0.88928,0.9975,1,0.995,0.84975,0.68136,0.41064,0.88988,0.00126344,0.00126344,0.00126344
374,553.502,0.63361,0.42103,0.8624,0.9975,1,0.995,0.86273,0.65163,0.3909,0.88613,0.00126146,0.00126146,0.00126146
375,554.955,0.59064,0.39124,0.82636,0.99747,1,0.995,0.86747,0.63683,0.3978,0.88733,0.00125948,0.00125948,0.00125948
376,556.372,0.63189,0.38812,0.8614,1,1,0.995,0.87448,0.65107,0.40676,0.88774,0.0012575,0.0012575,0.0012575
377,557.821,0.57011,0.384,0.82568,0.99756,1,0.995,0.86922,0.66189,0.39109,0.89068,0.00125552,0.00125552,0.00125552
378,559.28,0.59816,0.39854,0.81987,0.99755,1,0.995,0.85993,0.70643,0.40704,0.89413,0.00125354,0.00125354,0.00125354
379,560.786,0.53728,0.38354,0.84466,0.99754,1,0.995,0.84588,0.71225,0.38438,0.88985,0.00125156,0.00125156,0.00125156
380,562.215,0.5968,0.37805,0.8039,0.99755,1,0.995,0.83204,0.70512,0.42294,0.8917,0.00124958,0.00124958,0.00124958
381,563.673,0.64011,0.39331,0.85664,0.99759,1,0.995,0.82585,0.67452,0.42158,0.88961,0.0012476,0.0012476,0.0012476
382,565.118,0.56204,0.39561,0.82036,0.99759,1,0.995,0.83464,0.65188,0.38824,0.88797,0.00124562,0.00124562,0.00124562
383,566.591,0.60471,0.39172,0.86083,0.99748,1,0.995,0.83368,0.69487,0.38253,0.89092,0.00124364,0.00124364,0.00124364
384,568.011,0.63568,0.41422,0.84646,0.99735,1,0.995,0.87076,0.63801,0.3833,0.8862,0.00124166,0.00124166,0.00124166
385,569.462,0.58871,0.39526,0.84816,0.99733,1,0.995,0.84598,0.67552,0.3773,0.8942,0.00123968,0.00123968,0.00123968
386,570.931,0.60211,0.38556,0.81477,0.99744,1,0.995,0.8303,0.70843,0.41093,0.89304,0.0012377,0.0012377,0.0012377
387,572.364,0.59022,0.39047,0.81959,0.99745,1,0.995,0.82221,0.75404,0.40253,0.89386,0.00123572,0.00123572,0.00123572
388,573.788,0.55793,0.3734,0.83814,0.99732,1,0.995,0.81157,0.75772,0.38836,0.90194,0.00123374,0.00123374,0.00123374
389,575.255,0.61421,0.40202,0.85603,0.9973,1,0.995,0.81259,0.74143,0.40649,0.90481,0.00123176,0.00123176,0.00123176
390,576.716,0.54927,0.36994,0.82755,0.99726,1,0.995,0.81853,0.72164,0.42644,0.89447,0.00122978,0.00122978,0.00122978
391,578.145,0.57106,0.38092,0.84915,0.99676,1,0.995,0.80835,0.72914,0.45583,0.89323,0.0012278,0.0012278,0.0012278
392,579.589,0.58158,0.37299,0.83045,0.99637,1,0.995,0.80796,0.74615,0.43799,0.89393,0.00122582,0.00122582,0.00122582
393,581.034,0.60251,0.37298,0.83954,0.99719,1,0.995,0.82861,0.72542,0.45431,0.88938,0.00122384,0.00122384,0.00122384
394,582.483,0.62303,0.39986,0.84685,0.99716,1,0.995,0.79213,0.80582,0.42128,0.90009,0.00122186,0.00122186,0.00122186
395,583.946,0.62512,0.38004,0.84581,0.99724,1,0.995,0.81934,0.70158,0.3873,0.88947,0.00121988,0.00121988,0.00121988
396,585.385,0.6648,0.39701,0.84855,0.9974,1,0.995,0.82265,0.69852,0.40369,0.89403,0.0012179,0.0012179,0.0012179
397,586.84,0.60987,0.3728,0.83351,0.99749,1,0.995,0.81585,0.7233,0.43916,0.89427,0.00121592,0.00121592,0.00121592
398,588.329,0.62439,0.39884,0.84198,0.99742,1,0.995,0.81761,0.72272,0.44515,0.89324,0.00121394,0.00121394,0.00121394
399,589.825,0.59666,0.37761,0.82876,0.99727,1,0.995,0.81584,0.80759,0.46368,0.90934,0.00121196,0.00121196,0.00121196
400,591.269,0.62935,0.39996,0.82173,0.99744,1,0.995,0.83663,0.72214,0.41229,0.89503,0.00120998,0.00120998,0.00120998
401,592.731,0.62991,0.36516,0.84456,0.99778,1,0.995,0.85624,0.68359,0.40985,0.8893,0.001208,0.001208,0.001208
402,594.154,0.60312,0.38525,0.84237,0.99686,1,0.995,0.84505,0.74757,0.43335,0.89954,0.00120602,0.00120602,0.00120602
403,595.611,0.59424,0.39545,0.83429,0.99738,1,0.995,0.869,0.68537,0.4015,0.89232,0.00120404,0.00120404,0.00120404
404,597.07,0.55451,0.36852,0.81858,0.99734,1,0.995,0.85307,0.63737,0.36547,0.8847,0.00120206,0.00120206,0.00120206
405,598.467,0.58294,0.36935,0.83172,0.99742,1,0.995,0.85863,0.65619,0.38512,0.88552,0.00120008,0.00120008,0.00120008
406,599.89,0.57989,0.37212,0.8493,0.99746,1,0.995,0.84293,0.66048,0.36679,0.8856,0.0011981,0.0011981,0.0011981
407,601.358,0.54309,0.36712,0.82342,0.99748,1,0.995,0.8605,0.6585,0.40022,0.885,0.00119612,0.00119612,0.00119612
408,602.796,0.60218,0.37613,0.83164,0.99734,1,0.995,0.86455,0.64701,0.38997,0.88123,0.00119414,0.00119414,0.00119414
409,604.225,0.55305,0.37229,0.82029,0.99725,1,0.995,0.84829,0.64789,0.36506,0.88091,0.00119216,0.00119216,0.00119216
410,605.692,0.57596,0.35999,0.84627,0.99694,1,0.995,0.85694,0.6466,0.38439,0.87809,0.00119018,0.00119018,0.00119018
411,607.129,0.55327,0.37131,0.85276,0.99716,1,0.995,0.83322,0.7076,0.4136,0.88654,0.0011882,0.0011882,0.0011882
412,608.577,0.57163,0.37064,0.82441,0.99717,1,0.995,0.83827,0.72341,0.40836,0.89302,0.00118622,0.00118622,0.00118622
413,610.055,0.60817,0.38009,0.85661,0.99715,1,0.995,0.84599,0.67104,0.37453,0.88698,0.00118424,0.00118424,0.00118424
414,611.512,0.63062,0.37711,0.83932,0.99646,1,0.995,0.84819,0.68306,0.39072,0.88774,0.00118226,0.00118226,0.00118226
415,612.964,0.49904,0.35111,0.82235,0.99616,1,0.995,0.83355,0.72399,0.40192,0.89654,0.00118028,0.00118028,0.00118028
416,614.389,0.59717,0.37212,0.86338,0.99576,1,0.995,0.82276,0.70178,0.43304,0.89208,0.0011783,0.0011783,0.0011783
417,615.829,0.53231,0.37761,0.81896,0.9947,1,0.995,0.842,0.65364,0.40285,0.88014,0.00117632,0.00117632,0.00117632
418,617.293,0.59668,0.3792,0.85313,0.99546,1,0.995,0.84611,0.69104,0.37993,0.88793,0.00117434,0.00117434,0.00117434
419,618.761,0.58799,0.38361,0.83385,0.99576,1,0.995,0.83093,0.72191,0.39613,0.89412,0.00117236,0.00117236,0.00117236
420,620.224,0.54377,0.36674,0.82759,0.99345,1,0.995,0.84645,0.68452,0.39635,0.88486,0.00117038,0.00117038,0.00117038
421,621.68,0.61125,0.38116,0.84372,0.99135,1,0.995,0.85229,0.67889,0.41129,0.88448,0.0011684,0.0011684,0.0011684
422,623.115,0.57922,0.36894,0.83793,0.99506,1,0.995,0.81043,0.81676,0.44293,0.89976,0.00116642,0.00116642,0.00116642
423,624.537,0.6408,0.38124,0.82669,0.99687,1,0.995,0.81606,0.797,0.44845,0.9043,0.00116444,0.00116444,0.00116444
424,625.967,0.58475,0.37836,0.8446,0.99734,1,0.995,0.82612,0.71794,0.40701,0.89131,0.00116246,0.00116246,0.00116246
425,627.381,0.74976,0.43791,0.84435,0.99746,1,0.995,0.81851,0.74619,0.45635,0.90075,0.00116048,0.00116048,0.00116048
426,628.824,0.65694,0.41092,0.838,0.99751,1,0.995,0.80225,0.73835,0.4261,0.9088,0.0011585,0.0011585,0.0011585
427,630.252,0.66467,0.41979,0.84747,0.99741,1,0.995,0.81707,0.71646,0.39812,0.90299,0.00115652,0.00115652,0.00115652
428,631.695,0.57578,0.3868,0.82446,0.99744,1,0.995,0.84206,0.66025,0.39932,0.88863,0.00115454,0.00115454,0.00115454
429,633.111,0.55451,0.36542,0.86421,0.99759,1,0.995,0.8561,0.64769,0.39352,0.88442,0.00115256,0.00115256,0.00115256
430,634.594,0.54409,0.3744,0.84223,0.99757,1,0.995,0.84553,0.66931,0.41511,0.88825,0.00115058,0.00115058,0.00115058
431,636.041,0.5956,0.39768,0.8442,0.99726,1,0.995,0.82933,0.71704,0.38339,0.89101,0.0011486,0.0011486,0.0011486
432,637.492,0.57849,0.38596,0.83587,0.99701,1,0.995,0.8302,0.71053,0.38466,0.89188,0.00114662,0.00114662,0.00114662
433,638.944,0.53269,0.36911,0.84058,0.99733,1,0.995,0.8422,0.67762,0.37958,0.88693,0.00114464,0.00114464,0.00114464
434,640.363,0.5642,0.36467,0.81995,0.99747,1,0.995,0.84306,0.69924,0.39231,0.891,0.00114266,0.00114266,0.00114266
435,641.798,0.61472,0.39009,0.86489,0.99746,1,0.995,0.86553,0.65773,0.40255,0.88559,0.00114068,0.00114068,0.00114068
436,643.307,0.57803,0.36855,0.84442,0.9973,1,0.995,0.86927,0.65106,0.37259,0.88606,0.0011387,0.0011387,0.0011387
437,644.782,0.5703,0.36683,0.84805,0.9971,1,0.995,0.87761,0.6752,0.37869,0.88889,0.00113672,0.00113672,0.00113672
438,646.259,0.56361,0.36014,0.84453,0.99723,1,0.995,0.87281,0.64778,0.36566,0.88001,0.00113474,0.00113474,0.00113474
439,647.717,0.61465,0.37798,0.84974,0.99733,1,0.995,0.84581,0.66538,0.39045,0.88094,0.00113276,0.00113276,0.00113276
440,649.185,0.59277,0.37161,0.84693,0.99742,1,0.995,0.8366,0.70264,0.39365,0.88584,0.00113078,0.00113078,0.00113078
441,650.645,0.61037,0.38685,0.83499,0.99748,1,0.995,0.83265,0.73294,0.38201,0.89149,0.0011288,0.0011288,0.0011288
442,652.086,0.57317,0.37069,0.86634,0.99749,1,0.995,0.84328,0.66536,0.38194,0.88358,0.00112682,0.00112682,0.00112682
443,653.53,0.58737,0.36263,0.83442,0.99751,1,0.995,0.8368,0.66902,0.39634,0.88323,0.00112484,0.00112484,0.00112484
444,654.968,0.5113,0.33368,0.81591,0.99741,1,0.995,0.85698,0.70951,0.37059,0.88879,0.00112286,0.00112286,0.00112286
445,656.441,0.56781,0.37532,0.81109,0.99709,1,0.995,0.86411,0.68552,0.36044,0.88107,0.00112088,0.00112088,0.00112088
446,657.868,0.53514,0.35419,0.83016,0.99727,1,0.995,0.84926,0.69767,0.38592,0.8867,0.0011189,0.0011189,0.0011189
447,659.308,0.55274,0.35129,0.84374,0.99751,1,0.995,0.84459,0.73849,0.39777,0.89478,0.00111692,0.00111692,0.00111692
448,660.733,0.53856,0.35992,0.81775,0.9975,1,0.995,0.84999,0.65659,0.40466,0.88388,0.00111494,0.00111494,0.00111494
449,662.208,0.54591,0.34102,0.84632,0.9975,1,0.995,0.84034,0.66887,0.3701,0.88616,0.00111296,0.00111296,0.00111296
450,663.691,0.54927,0.36999,0.82386,0.99744,1,0.995,0.8448,0.67991,0.39771,0.88438,0.00111098,0.00111098,0.00111098
451,665.157,0.59014,0.37364,0.84151,0.99746,1,0.995,0.84568,0.63532,0.38667,0.8788,0.001109,0.001109,0.001109
452,666.608,0.57703,0.36612,0.8307,0.99744,1,0.995,0.84781,0.67832,0.40057,0.8852,0.00110702,0.00110702,0.00110702
453,668.08,0.57472,0.36338,0.82888,0.99747,1,0.995,0.8486,0.70201,0.3809,0.89056,0.00110504,0.00110504,0.00110504
454,669.532,0.55715,0.36855,0.84359,0.99751,1,0.995,0.84068,0.65348,0.3605,0.88009,0.00110306,0.00110306,0.00110306
455,670.984,0.63268,0.37956,0.84478,0.99745,1,0.995,0.84095,0.63937,0.3545,0.88135,0.00110108,0.00110108,0.00110108
456,672.415,0.55498,0.3638,0.84183,0.99746,1,0.995,0.80608,0.78355,0.40553,0.90271,0.0010991,0.0010991,0.0010991
457,673.847,0.6008,0.3702,0.86628,0.99747,1,0.995,0.82192,0.73575,0.37641,0.89963,0.00109712,0.00109712,0.00109712
458,675.292,0.577,0.36286,0.87312,0.99747,1,0.995,0.84915,0.66219,0.37824,0.88603,0.00109514,0.00109514,0.00109514
459,676.755,0.60469,0.37661,0.85243,0.99755,1,0.995,0.85301,0.67312,0.37549,0.88698,0.00109316,0.00109316,0.00109316
460,678.219,0.61782,0.3771,0.84518,0.99747,1,0.995,0.85667,0.69405,0.37982,0.88853,0.00109118,0.00109118,0.00109118
461,679.678,0.59555,0.3655,0.86213,0.99739,1,0.995,0.8658,0.68971,0.37893,0.88859,0.0010892,0.0010892,0.0010892
462,681.149,0.58991,0.37013,0.83847,0.9974,1,0.995,0.85831,0.66756,0.38129,0.88382,0.00108722,0.00108722,0.00108722
463,682.59,0.56655,0.36518,0.83125,0.99761,1,0.995,0.82662,0.72169,0.38908,0.89196,0.00108524,0.00108524,0.00108524
464,684.028,0.58633,0.35768,0.85297,0.99755,1,0.995,0.84521,0.67928,0.36102,0.88426,0.00108326,0.00108326,0.00108326
465,685.496,0.57532,0.36016,0.85438,0.99758,1,0.995,0.84988,0.66791,0.38808,0.88857,0.00108128,0.00108128,0.00108128
466,686.947,0.59809,0.36553,0.8434,0.99751,1,0.995,0.8299,0.72143,0.3747,0.90499,0.0010793,0.0010793,0.0010793
467,688.407,0.60321,0.36724,0.85451,0.99749,1,0.995,0.85455,0.65431,0.36169,0.88682,0.00107732,0.00107732,0.00107732
468,689.836,0.5698,0.3515,0.8388,0.99751,1,0.995,0.85248,0.63526,0.37642,0.87914,0.00107534,0.00107534,0.00107534
469,691.284,0.53209,0.3377,0.83554,0.99751,1,0.995,0.84352,0.65645,0.37658,0.88218,0.00107336,0.00107336,0.00107336
470,692.744,0.57665,0.3558,0.82928,0.99752,1,0.995,0.8269,0.69378,0.40447,0.88838,0.00107138,0.00107138,0.00107138
471,694.196,0.52655,0.3392,0.82438,0.9975,1,0.995,0.83469,0.68521,0.38211,0.88526,0.0010694,0.0010694,0.0010694
472,695.647,0.6003,0.3634,0.8188,0.9975,1,0.995,0.82765,0.65874,0.37005,0.88224,0.00106742,0.00106742,0.00106742
473,697.094,0.5401,0.36051,0.81135,0.99745,1,0.995,0.85196,0.69157,0.36237,0.89375,0.00106544,0.00106544,0.00106544
474,698.528,0.56979,0.36502,0.83486,0.99745,1,0.995,0.83649,0.7052,0.36974,0.89983,0.00106346,0.00106346,0.00106346
475,699.95,0.58161,0.37874,0.83943,0.9974,1,0.995,0.81957,0.70053,0.39469,0.89514,0.00106148,0.00106148,0.00106148
476,701.421,0.62474,0.38642,0.85516,0.99737,1,0.995,0.83493,0.69027,0.40233,0.88833,0.0010595,0.0010595,0.0010595
477,702.884,0.59181,0.35285,0.84008,0.99748,1,0.995,0.85368,0.67661,0.37956,0.88162,0.00105752,0.00105752,0.00105752
478,704.336,0.5596,0.35579,0.80952,0.99741,1,0.995,0.86292,0.6505,0.36651,0.87834,0.00105554,0.00105554,0.00105554
479,705.77,0.57159,0.35807,0.82583,0.99742,1,0.995,0.86257,0.68461,0.38507,0.8805,0.00105356,0.00105356,0.00105356
480,707.194,0.56834,0.37276,0.83036,0.99731,1,0.995,0.85473,0.64162,0.3735,0.87771,0.00105158,0.00105158,0.00105158
481,708.673,0.54508,0.3555,0.85084,0.99745,1,0.995,0.85143,0.60742,0.36063,0.87275,0.0010496,0.0010496,0.0010496
482,710.16,0.57012,0.35162,0.82987,0.99754,1,0.995,0.85326,0.61281,0.34902,0.87438,0.00104762,0.00104762,0.00104762
483,711.619,0.53715,0.33793,0.82856,0.99755,1,0.995,0.83304,0.66956,0.37872,0.88391,0.00104564,0.00104564,0.00104564
484,713.071,0.52306,0.34062,0.82066,0.99746,1,0.995,0.85722,0.63889,0.37196,0.88299,0.00104366,0.00104366,0.00104366
485,714.596,0.54222,0.36525,0.83406,0.99744,1,0.995,0.85251,0.65444,0.38179,0.88324,0.00104168,0.00104168,0.00104168
486,716.045,0.60411,0.37487,0.84468,0.99719,1,0.995,0.83266,0.64611,0.38001,0.8769,0.0010397,0.0010397,0.0010397
487,717.526,0.56824,0.36869,0.84373,0.99686,1,0.995,0.85748,0.63549,0.34802,0.87114,0.00103772,0.00103772,0.00103772
488,719.01,0.58811,0.35925,0.8286,0.99717,1,0.995,0.85616,0.58217,0.3743,0.86786,0.00103574,0.00103574,0.00103574
489,720.501,0.59696,0.3533,0.83433,0.99737,1,0.995,0.84209,0.66257,0.39448,0.87657,0.00103376,0.00103376,0.00103376
490,721.978,0.52927,0.342,0.79509,0.99739,1,0.995,0.86854,0.6708,0.36878,0.87642,0.00103178,0.00103178,0.00103178
491,723.461,0.58359,0.34686,0.82911,0.99738,1,0.995,0.85201,0.63942,0.38581,0.87551,0.0010298,0.0010298,0.0010298
492,724.891,0.58471,0.36611,0.86317,0.99733,1,0.995,0.82051,0.69611,0.36437,0.88623,0.00102782,0.00102782,0.00102782
493,726.319,0.57897,0.34986,0.83219,0.99734,1,0.995,0.84491,0.70153,0.39123,0.88813,0.00102584,0.00102584,0.00102584
494,727.757,0.522,0.35524,0.81443,0.9972,1,0.995,0.85436,0.64262,0.3898,0.8783,0.00102386,0.00102386,0.00102386
495,729.203,0.5838,0.35665,0.83797,0.99717,1,0.995,0.85615,0.64789,0.38123,0.87582,0.00102188,0.00102188,0.00102188
496,730.642,0.59365,0.37305,0.85804,0.99733,1,0.995,0.86326,0.61853,0.37354,0.87499,0.0010199,0.0010199,0.0010199
497,732.102,0.56984,0.35745,0.82901,0.99738,1,0.995,0.86483,0.58976,0.34774,0.87409,0.00101792,0.00101792,0.00101792
498,733.549,0.47024,0.32656,0.83102,0.99747,1,0.995,0.86955,0.62847,0.36225,0.87645,0.00101594,0.00101594,0.00101594
499,734.991,0.50757,0.34778,0.82169,0.99745,1,0.995,0.86325,0.62309,0.34334,0.87516,0.00101396,0.00101396,0.00101396
500,736.436,0.50662,0.35085,0.82715,0.99745,1,0.995,0.86163,0.59702,0.3432,0.87132,0.00101198,0.00101198,0.00101198
501,737.88,0.55111,0.35909,0.82375,0.99728,1,0.995,0.8532,0.62067,0.37391,0.8732,0.00101,0.00101,0.00101
502,739.33,0.56254,0.36172,0.86684,0.99752,1,0.995,0.83053,0.70918,0.37533,0.88391,0.00100802,0.00100802,0.00100802
503,740.801,0.51432,0.34068,0.82999,0.99748,1,0.995,0.85486,0.64353,0.37171,0.87814,0.00100604,0.00100604,0.00100604
504,742.293,0.51659,0.33042,0.81501,1,1,0.995,0.88234,0.61925,0.36397,0.8799,0.00100406,0.00100406,0.00100406
505,743.768,0.54756,0.35491,0.83197,0.9975,1,0.995,0.89251,0.62483,0.3667,0.87806,0.00100208,0.00100208,0.00100208
506,745.222,0.55137,0.33718,0.85329,0.99752,1,0.995,0.86203,0.60866,0.35316,0.87442,0.0010001,0.0010001,0.0010001
507,746.673,0.53971,0.35672,0.82329,0.9974,1,0.995,0.85766,0.64241,0.35558,0.87885,0.00099812,0.00099812,0.00099812
508,748.114,0.52989,0.34463,0.82978,0.99752,1,0.995,0.85103,0.6616,0.36616,0.88132,0.00099614,0.00099614,0.00099614
509,749.554,0.59364,0.36021,0.84237,0.99752,1,0.995,0.87042,0.65228,0.35841,0.88185,0.00099416,0.00099416,0.00099416
510,751.024,0.55044,0.36869,0.8473,0.99754,1,0.995,0.83706,0.72478,0.38865,0.89309,0.00099218,0.00099218,0.00099218
511,752.499,0.53736,0.35991,0.83324,0.99755,1,0.995,0.84068,0.66846,0.37557,0.8813,0.0009902,0.0009902,0.0009902
512,753.938,0.55143,0.35483,0.83462,0.99762,1,0.995,0.83203,0.69488,0.39756,0.88514,0.00098822,0.00098822,0.00098822
513,755.429,0.56656,0.36244,0.82872,0.99756,1,0.995,0.84454,0.6821,0.40498,0.88579,0.00098624,0.00098624,0.00098624
514,756.883,0.55734,0.38179,0.80716,0.99741,1,0.995,0.85065,0.66632,0.39306,0.87948,0.00098426,0.00098426,0.00098426
515,758.333,0.55843,0.36371,0.82765,0.99743,1,0.995,0.83325,0.65383,0.39821,0.87578,0.00098228,0.00098228,0.00098228
516,759.757,0.59357,0.36973,0.8298,0.99747,1,0.995,0.83557,0.70379,0.38292,0.88339,0.0009803,0.0009803,0.0009803
517,761.209,0.56908,0.38082,0.82505,0.99754,1,0.995,0.83593,0.68639,0.38286,0.88469,0.00097832,0.00097832,0.00097832
518,762.642,0.48901,0.3415,0.81301,0.99756,1,0.995,0.83836,0.70718,0.36622,0.88271,0.00097634,0.00097634,0.00097634
519,764.058,0.57615,0.35992,0.81489,0.9976,1,0.995,0.84073,0.6676,0.38223,0.87985,0.00097436,0.00097436,0.00097436
520,765.498,0.5468,0.35864,0.83587,0.99755,1,0.995,0.83732,0.65123,0.36514,0.87964,0.00097238,0.00097238,0.00097238
521,766.932,0.50418,0.33501,0.80438,0.99747,1,0.995,0.8513,0.6284,0.35264,0.8746,0.0009704,0.0009704,0.0009704
522,768.372,0.56959,0.3548,0.82361,0.9975,1,0.995,0.86227,0.60926,0.35026,0.87267,0.00096842,0.00096842,0.00096842
523,769.834,0.49605,0.32403,0.82505,0.99748,1,0.995,0.8678,0.62406,0.34232,0.87596,0.00096644,0.00096644,0.00096644
524,771.285,0.53771,0.34365,0.83445,0.99749,1,0.995,0.85567,0.63252,0.36356,0.87605,0.00096446,0.00096446,0.00096446
525,772.73,0.50236,0.33495,0.82505,0.99753,1,0.995,0.85938,0.62313,0.36449,0.87808,0.00096248,0.00096248,0.00096248
526,774.173,0.53202,0.34184,0.83991,0.99754,1,0.995,0.85721,0.65488,0.34984,0.87931,0.0009605,0.0009605,0.0009605
527,775.61,0.53646,0.35511,0.81549,0.99749,1,0.995,0.85489,0.6653,0.36713,0.87834,0.00095852,0.00095852,0.00095852
528,777.056,0.55267,0.36062,0.84477,0.99748,1,0.995,0.84381,0.64491,0.37324,0.87675,0.00095654,0.00095654,0.00095654
529,778.465,0.53479,0.34423,0.82548,0.99751,1,0.995,0.86284,0.61405,0.35532,0.87303,0.00095456,0.00095456,0.00095456
530,779.895,0.53844,0.33997,0.84764,0.99757,1,0.995,0.84434,0.62594,0.34274,0.875,0.00095258,0.00095258,0.00095258
531,781.378,0.53593,0.34906,0.86539,0.99754,1,0.995,0.84795,0.59428,0.36451,0.8723,0.0009506,0.0009506,0.0009506
532,782.795,0.47676,0.35389,0.82046,0.99744,1,0.995,0.84362,0.58413,0.37025,0.87265,0.00094862,0.00094862,0.00094862
533,784.236,0.50348,0.32884,0.80639,0.99746,1,0.995,0.84048,0.6091,0.37942,0.87383,0.00094664,0.00094664,0.00094664
534,785.693,0.50036,0.34454,0.77573,0.99761,1,0.995,0.84114,0.63499,0.36562,0.87696,0.00094466,0.00094466,0.00094466
535,787.111,0.58896,0.3481,0.85791,0.99753,1,0.995,0.84557,0.66573,0.37074,0.88227,0.00094268,0.00094268,0.00094268
536,788.535,0.55505,0.35357,0.8256,0.99747,1,0.995,0.85854,0.6398,0.36736,0.87775,0.0009407,0.0009407,0.0009407
537,789.969,0.51893,0.34626,0.80933,0.99743,1,0.995,0.87774,0.60555,0.33804,0.87313,0.00093872,0.00093872,0.00093872
538,791.409,0.50693,0.33714,0.8254,0.99752,1,0.995,0.86995,0.60016,0.34069,0.87078,0.00093674,0.00093674,0.00093674
539,792.861,0.56131,0.34784,0.80411,0.99743,1,0.995,0.87047,0.64128,0.34493,0.8785,0.00093476,0.00093476,0.00093476
540,794.314,0.57107,0.36669,0.8358,0.99736,1,0.995,0.85625,0.69005,0.35426,0.8894,0.00093278,0.00093278,0.00093278
541,795.754,0.56395,0.34827,0.821,0.99697,1,0.995,0.8514,0.64197,0.3556,0.88154,0.0009308,0.0009308,0.0009308
542,797.193,0.55534,0.349,0.83588,0.99665,1,0.995,0.86992,0.64758,0.35347,0.87976,0.00092882,0.00092882,0.00092882
543,798.66,0.55524,0.36881,0.8242,0.99701,1,0.995,0.86372,0.62957,0.33862,0.87338,0.00092684,0.00092684,0.00092684
544,800.125,0.51187,0.34612,0.82081,0.9973,1,0.995,0.8471,0.66795,0.37316,0.87846,0.00092486,0.00092486,0.00092486
545,801.58,0.57711,0.35448,0.82802,0.99739,1,0.995,0.85873,0.64908,0.37618,0.8777,0.00092288,0.00092288,0.00092288
546,803.034,0.56572,0.35001,0.82443,0.99739,1,0.995,0.8632,0.63461,0.36173,0.87571,0.0009209,0.0009209,0.0009209
547,804.454,0.59146,0.3426,0.82657,0.99748,1,0.995,0.85094,0.6525,0.37587,0.87516,0.00091892,0.00091892,0.00091892
548,805.946,0.57145,0.35822,0.83433,0.99746,1,0.995,0.83145,0.65904,0.36002,0.87612,0.00091694,0.00091694,0.00091694
549,807.365,0.54597,0.35381,0.81948,0.99748,1,0.995,0.87938,0.59872,0.34965,0.87083,0.00091496,0.00091496,0.00091496
550,808.813,0.55047,0.35306,0.84503,0.99751,1,0.995,0.86425,0.63209,0.34126,0.87519,0.00091298,0.00091298,0.00091298
551,810.248,0.49373,0.3288,0.8295,1,1,0.995,0.87666,0.59487,0.33291,0.8726,0.000911,0.000911,0.000911
552,811.676,0.53679,0.34745,0.83379,1,1,0.995,0.85202,0.60045,0.36577,0.87439,0.00090902,0.00090902,0.00090902
553,813.086,0.52665,0.33785,0.83708,0.99759,1,0.995,0.86665,0.60522,0.34013,0.87373,0.00090704,0.00090704,0.00090704
554,814.54,0.47949,0.32535,0.81369,0.99748,1,0.995,0.87052,0.63272,0.34668,0.87712,0.00090506,0.00090506,0.00090506
555,815.984,0.48394,0.32216,0.80736,0.99741,1,0.995,0.87816,0.61191,0.33944,0.87354,0.00090308,0.00090308,0.00090308
556,817.435,0.49734,0.32293,0.82898,0.99756,1,0.995,0.86413,0.60703,0.35887,0.87006,0.0009011,0.0009011,0.0009011
557,818.924,0.50543,0.34711,0.81089,0.99763,1,0.995,0.84075,0.65994,0.36329,0.87657,0.00089912,0.00089912,0.00089912
558,820.354,0.51201,0.32345,0.81528,0.99761,1,0.995,0.84804,0.61916,0.37621,0.87147,0.00089714,0.00089714,0.00089714
559,821.815,0.53048,0.34174,0.83595,0.99753,1,0.995,0.85477,0.62985,0.36287,0.87378,0.00089516,0.00089516,0.00089516
560,823.223,0.50199,0.35139,0.83844,0.99754,1,0.995,0.85022,0.64895,0.34461,0.87793,0.00089318,0.00089318,0.00089318
561,824.672,0.5638,0.34726,0.83651,0.99753,1,0.995,0.86412,0.64081,0.35585,0.87644,0.0008912,0.0008912,0.0008912
562,826.141,0.53568,0.32754,0.85478,0.99759,1,0.995,0.8645,0.61797,0.34447,0.87544,0.00088922,0.00088922,0.00088922
563,827.581,0.51912,0.33397,0.82747,0.99759,1,0.995,0.86981,0.59561,0.33191,0.87252,0.00088724,0.00088724,0.00088724
564,829.034,0.48419,0.3169,0.83059,0.99756,1,0.995,0.8526,0.63403,0.34564,0.87746,0.00088526,0.00088526,0.00088526
565,830.547,0.48358,0.32803,0.80353,0.99758,1,0.995,0.86986,0.63663,0.34914,0.87917,0.00088328,0.00088328,0.00088328
566,832.002,0.48444,0.3198,0.81434,0.99756,1,0.995,0.86711,0.64838,0.35821,0.88159,0.0008813,0.0008813,0.0008813
567,833.438,0.47264,0.34154,0.81567,0.99753,1,0.995,0.87619,0.64279,0.34213,0.87985,0.00087932,0.00087932,0.00087932
568,834.904,0.48319,0.31501,0.81024,0.99753,1,0.995,0.87015,0.62981,0.35066,0.87898,0.00087734,0.00087734,0.00087734
569,836.315,0.4663,0.31825,0.80643,1,1,0.995,0.87845,0.60724,0.35536,0.87392,0.00087536,0.00087536,0.00087536
570,837.739,0.46409,0.32317,0.83418,0.99757,1,0.995,0.87536,0.61353,0.36622,0.87596,0.00087338,0.00087338,0.00087338
571,839.154,0.5006,0.33699,0.81297,1,1,0.995,0.85346,0.61943,0.35099,0.87715,0.0008714,0.0008714,0.0008714
572,840.59,0.55143,0.34093,0.81949,0.99753,1,0.995,0.8701,0.60894,0.36037,0.87754,0.00086942,0.00086942,0.00086942
573,842.013,0.53136,0.33878,0.82798,0.99749,1,0.995,0.87473,0.61273,0.36485,0.87957,0.00086744,0.00086744,0.00086744
574,843.447,0.60022,0.36385,0.852,0.99744,1,0.995,0.87614,0.58001,0.34122,0.87485,0.00086546,0.00086546,0.00086546
575,844.873,0.52273,0.34552,0.81786,0.99746,1,0.995,0.88267,0.57935,0.33064,0.87086,0.00086348,0.00086348,0.00086348
576,846.307,0.4952,0.34256,0.80336,0.99753,1,0.995,0.87776,0.57416,0.33506,0.86752,0.0008615,0.0008615,0.0008615
577,847.757,0.55054,0.34255,0.82806,0.99754,1,0.995,0.86592,0.62423,0.3382,0.8747,0.00085952,0.00085952,0.00085952
578,849.165,0.49862,0.33347,0.83538,0.99744,1,0.995,0.85754,0.65801,0.35401,0.87994,0.00085754,0.00085754,0.00085754
579,850.629,0.50901,0.32504,0.79942,0.9971,1,0.995,0.86891,0.61574,0.34615,0.87294,0.00085556,0.00085556,0.00085556
580,852.055,0.51022,0.33941,0.81959,0.99713,1,0.995,0.86466,0.6022,0.34154,0.87271,0.00085358,0.00085358,0.00085358
581,853.498,0.50875,0.34019,0.83077,0.99733,1,0.995,0.87264,0.58967,0.34466,0.87239,0.0008516,0.0008516,0.0008516
582,854.948,0.48234,0.32146,0.81124,0.99742,1,0.995,0.88995,0.55769,0.33385,0.86804,0.00084962,0.00084962,0.00084962
583,856.366,0.4969,0.31653,0.83869,0.99755,1,0.995,0.87698,0.58225,0.32605,0.87258,0.00084764,0.00084764,0.00084764
584,857.777,0.53788,0.35741,0.86796,0.99757,1,0.995,0.85977,0.60454,0.33815,0.87496,0.00084566,0.00084566,0.00084566
585,859.237,0.52199,0.31953,0.81172,0.99765,1,0.995,0.86727,0.58535,0.33101,0.8741,0.00084368,0.00084368,0.00084368
586,860.728,0.50647,0.3287,0.81927,0.99783,1,0.995,0.88167,0.59282,0.34446,0.87615,0.0008417,0.0008417,0.0008417
587,862.196,0.58547,0.34965,0.83558,0.99788,1,0.995,0.87303,0.62328,0.34098,0.87775,0.00083972,0.00083972,0.00083972
588,863.625,0.51383,0.31776,0.8074,0.99781,1,0.995,0.86812,0.65591,0.36405,0.87806,0.00083774,0.00083774,0.00083774
589,865.074,0.48678,0.33137,0.8245,0.99769,1,0.995,0.84382,0.66124,0.36764,0.87517,0.00083576,0.00083576,0.00083576
590,866.507,0.51723,0.33109,0.78491,1,1,0.995,0.88547,0.60451,0.3638,0.86932,0.00083378,0.00083378,0.00083378
591,867.927,0.51167,0.33356,0.81127,1,1,0.995,0.88126,0.60893,0.33846,0.8702,0.0008318,0.0008318,0.0008318
592,869.364,0.49241,0.32985,0.80306,0.99759,1,0.995,0.88439,0.59258,0.33021,0.86981,0.00082982,0.00082982,0.00082982
593,870.789,0.52941,0.3197,0.83963,0.99763,1,0.995,0.86668,0.61021,0.32586,0.8749,0.00082784,0.00082784,0.00082784
594,872.197,0.46746,0.31851,0.81001,0.99755,1,0.995,0.8745,0.59321,0.32294,0.86839,0.00082586,0.00082586,0.00082586
595,873.615,0.49918,0.32437,0.82584,0.99753,1,0.995,0.87096,0.60308,0.33294,0.87115,0.00082388,0.00082388,0.00082388
596,875.071,0.49438,0.3166,0.82785,0.99763,1,0.995,0.87594,0.5869,0.32177,0.87069,0.0008219,0.0008219,0.0008219
597,876.503,0.50343,0.3261,0.82074,0.99728,1,0.995,0.86504,0.59666,0.34195,0.8689,0.00081992,0.00081992,0.00081992
598,877.932,0.50333,0.32533,0.82107,0.99571,1,0.995,0.86139,0.63461,0.36332,0.87184,0.00081794,0.00081794,0.00081794
599,879.367,0.54118,0.339,0.85375,0.99761,1,0.995,0.85754,0.60894,0.34076,0.86621,0.00081596,0.00081596,0.00081596
600,880.815,0.47819,0.3187,0.83785,0.99759,1,0.995,0.87225,0.57158,0.31626,0.86448,0.00081398,0.00081398,0.00081398
601,882.259,0.47545,0.33217,0.83324,0.99759,1,0.995,0.88868,0.59012,0.31228,0.86964,0.000812,0.000812,0.000812
602,883.697,0.49241,0.33416,0.80449,0.9976,1,0.995,0.8759,0.62028,0.32425,0.87792,0.00081002,0.00081002,0.00081002
603,885.12,0.48003,0.32463,0.8488,1,1,0.995,0.87835,0.6319,0.34436,0.88151,0.00080804,0.00080804,0.00080804
604,886.608,0.49613,0.31558,0.81953,0.9976,1,0.995,0.87667,0.62876,0.33602,0.88237,0.00080606,0.00080606,0.00080606
605,888.065,0.46856,0.31391,0.81102,0.99759,1,0.995,0.8681,0.60555,0.34534,0.87563,0.00080408,0.00080408,0.00080408
